Date(UTC),UnixTimeStamp,Value (Wei)
2020-01-01,,
2020-01-02,,
2020-01-03,,
2020-01-04,,
2020-01-05,,
2020-01-06,,
2020-01-07,,
2020-01-08,,
2020-01-09,,
2020-01-10,,
2020-01-11,,
2020-01-12,,
2020-01-13,,
2020-01-14,,
2020-01-15,,
2020-01-16,,
2020-01-17,,
2020-01-18,,
2020-01-19,,
2020-01-20,,
2020-01-21,,
2020-01-22,,
2020-01-23,,
2020-01-24,,
2020-01-25,,
2020-01-26,,
2020-01-27,,
2020-01-28,,
2020-01-29,,
2020-01-30,,
2020-01-31,,
2020-02-01,,
2020-02-02,,
2020-02-03,,
2020-02-04,,
2020-02-05,,
2020-02-06,,
2020-02-07,,
2020-02-08,,
2020-02-09,,
2020-02-10,,
2020-02-11,,
2020-02-12,,
2020-02-13,,
2020-02-14,,
2020-02-15,,
2020-02-16,,
2020-02-17,,
2020-02-18,,
2020-02-19,,
2020-02-20,,
2020-02-21,,
2020-02-22,,
2020-02-23,,
2020-02-24,,
2020-02-25,,
2020-02-26,,
2020-02-27,,
2020-02-28,,
2020-02-29,,
2020-03-01,,
2020-03-02,,
2020-03-03,,
2020-03-04,,
2020-03-05,,
2020-03-06,,
2020-03-07,,
2020-03-08,,
2020-03-09,,
2020-03-10,,
2020-03-11,,
2020-03-12,,
2020-03-13,,
2020-03-14,,
2020-03-15,,
2020-03-16,,
2020-03-17,,
2020-03-18,,
2020-03-19,,
2020-03-20,,
2020-03-21,,
2020-03-22,,
2020-03-23,,
2020-03-24,,
2020-03-25,,
2020-03-26,,
2020-03-27,,
2020-03-28,,
2020-03-29,,
2020-03-30,,
2020-03-31,,
2020-04-01,,
2020-04-02,,
2020-04-03,,
2020-04-04,,
2020-04-05,,
2020-04-06,,
2020-04-07,,
2020-04-08,,
2020-04-09,,
2020-04-10,,
2020-04-11,,
2020-04-12,,
2020-04-13,,
2020-04-14,,
2020-04-15,,
2020-04-16,,
2020-04-17,,
2020-04-18,,
2020-04-19,,
2020-04-20,,
2020-04-21,,
2020-04-22,,
2020-04-23,,
2020-04-24,,
2020-04-25,,
2020-04-26,,
2020-04-27,,
2020-04-28,,
2020-04-29,,
2020-04-30,,
2020-05-01,,
2020-05-02,,
2020-05-03,,
2020-05-04,,
2020-05-05,,
2020-05-06,,
2020-05-07,,
2020-05-08,,
2020-05-09,,
2020-05-10,,
2020-05-11,,
2020-05-12,,
2020-05-13,,
2020-05-14,,
2020-05-15,,
2020-05-16,,
2020-05-17,,
2020-05-18,,
2020-05-19,,
2020-05-20,,
2020-05-21,,
2020-05-22,,
2020-05-23,,
2020-05-24,,
2020-05-25,,
2020-05-26,,
2020-05-27,,
2020-05-28,,
2020-05-29,,
2020-05-30,,
2020-05-31,,
2020-06-01,,
2020-06-02,,
2020-06-03,,
2020-06-04,,
2020-06-05,,
2020-06-06,,
2020-06-07,,
2020-06-08,,
2020-06-09,,
2020-06-10,,
2020-06-11,,
2020-06-12,,
2020-06-13,,
2020-06-14,,
2020-06-15,,
2020-06-16,,
2020-06-17,,
2020-06-18,,
2020-06-19,,
2020-06-20,,
2020-06-21,,
2020-06-22,,
2020-06-23,,
2020-06-24,,
2020-06-25,,
2020-06-26,,
2020-06-27,,
2020-06-28,,
2020-06-29,,
2020-06-30,,
2020-07-01,,
2020-07-02,,
2020-07-03,,
2020-07-04,,
2020-07-05,,
2020-07-06,,
2020-07-07,,
2020-07-08,,
2020-07-09,,
2020-07-10,,
2020-07-11,,
2020-07-12,,
2020-07-13,,
2020-07-14,,
2020-07-15,,
2020-07-16,,
2020-07-17,,
2020-07-18,,
2020-07-19,,
2020-07-20,,
2020-07-21,,
2020-07-22,,
2020-07-23,,
2020-07-24,,
2020-07-25,,
2020-07-26,,
2020-07-27,,
2020-07-28,,
2020-07-29,,
2020-07-30,,
2020-07-31,,
2020-08-01,,
2020-08-02,,
2020-08-03,,
2020-08-04,,
2020-08-05,,
2020-08-06,,
2020-08-07,,
2020-08-08,,
2020-08-09,,
2020-08-10,,
2020-08-11,,
2020-08-12,,
2020-08-13,,
2020-08-14,,
2020-08-15,,
2020-08-16,,
2020-08-17,,
2020-08-18,,
2020-08-19,,
2020-08-20,,
2020-08-21,,
2020-08-22,,
2020-08-23,,
2020-08-24,,
2020-08-25,,
2020-08-26,,
2020-08-27,,
2020-08-28,,
2020-08-29,,
2020-08-30,,
2020-08-31,,
2020-09-01,,
2020-09-02,,
2020-09-03,,
2020-09-04,,
2020-09-05,,
2020-09-06,,
2020-09-07,,
2020-09-08,,
2020-09-09,,
2020-09-10,,
2020-09-11,,
2020-09-12,,
2020-09-13,,
2020-09-14,,
2020-09-15,,
2020-09-16,,
2020-09-17,,
2020-09-18,,
2020-09-19,,
2020-09-20,,
2020-09-21,,
2020-09-22,,
2020-09-23,,
2020-09-24,,
2020-09-25,,
2020-09-26,,
2020-09-27,,
2020-09-28,,
2020-09-29,,
2020-09-30,,
2020-10-01,,
2020-10-02,,
2020-10-03,,
2020-10-04,,
2020-10-05,,
2020-10-06,,
2020-10-07,,
2020-10-08,,
2020-10-09,,
2020-10-10,,
2020-10-11,,
2020-10-12,,
2020-10-13,,
2020-10-14,,
2020-10-15,,
2020-10-16,,
2020-10-17,,
2020-10-18,,
2020-10-19,,
2020-10-20,,
2020-10-21,,
2020-10-22,,
2020-10-23,,
2020-10-24,,
2020-10-25,,
2020-10-26,,
2020-10-27,,
2020-10-28,,
2020-10-29,,
2020-10-30,,
2020-10-31,,
2020-11-01,,
2020-11-02,,
2020-11-03,,
2020-11-04,,
2020-11-05,,
2020-11-06,,
2020-11-07,,
2020-11-08,,
2020-11-09,,
2020-11-10,,
2020-11-11,,
2020-11-12,,
2020-11-13,,
2020-11-14,,
2020-11-15,,
2020-11-16,,
2020-11-17,,
2020-11-18,,
2020-11-19,,
2020-11-20,,
2020-11-21,,
2020-11-22,,
2020-11-23,,
2020-11-24,,
2020-11-25,,
2020-11-26,,
2020-11-27,,
2020-11-28,,
2020-11-29,,
2020-11-30,,
2020-12-01,,
2020-12-02,,
2020-12-03,,
2020-12-04,,
2020-12-05,,
2020-12-06,,
2020-12-07,,
2020-12-08,,
2020-12-09,,
2020-12-10,,
2020-12-11,,
2020-12-12,,
2020-12-13,,
2020-12-14,,
2020-12-15,,
2020-12-16,,
2020-12-17,,
2020-12-18,,
2020-12-19,,
2020-12-20,,
2020-12-21,,
2020-12-22,,
2020-12-23,,
2020-12-24,,
2020-12-25,,
2020-12-26,,
2020-12-27,,
2020-12-28,,
2020-12-29,,
2020-12-30,,
2020-12-31,,
2021-01-01,,
2021-01-02,,
2021-01-03,,
2021-01-04,,
2021-01-05,,
2021-01-06,,
2021-01-07,,
2021-01-08,,
2021-01-09,,
2021-01-10,,
2021-01-11,,
2021-01-12,,
2021-01-13,,
2021-01-14,,
2021-01-15,,
2021-01-16,,
2021-01-17,,
2021-01-18,,
2021-01-19,,
2021-01-20,,
2021-01-21,,
2021-01-22,,
2021-01-23,,
2021-01-24,,
2021-01-25,,
2021-01-26,,
2021-01-27,,
2021-01-28,,
2021-01-29,,
2021-01-30,,
2021-01-31,,
2021-02-01,,
2021-02-02,,
2021-02-03,,
2021-02-04,,
2021-02-05,,
2021-02-06,,
2021-02-07,,
2021-02-08,,
2021-02-09,,
2021-02-10,,
2021-02-11,,
2021-02-12,,
2021-02-13,,
2021-02-14,,
2021-02-15,,
2021-02-16,,
2021-02-17,,
2021-02-18,,
2021-02-19,,
2021-02-20,,
2021-02-21,,
2021-02-22,,
2021-02-23,,
2021-02-24,,
2021-02-25,,
2021-02-26,,
2021-02-27,,
2021-02-28,,
2021-03-01,,
2021-03-02,,
2021-03-03,,
2021-03-04,,
2021-03-05,,
2021-03-06,,
2021-03-07,,
2021-03-08,,
2021-03-09,,
2021-03-10,,
2021-03-11,,
2021-03-12,,
2021-03-13,,
2021-03-14,,
2021-03-15,,
2021-03-16,,
2021-03-17,,
2021-03-18,,
2021-03-19,,
2021-03-20,,
2021-03-21,,
2021-03-22,,
2021-03-23,,
2021-03-24,,
2021-03-25,,
2021-03-26,,
2021-03-27,,
2021-03-28,,
2021-03-29,,
2021-03-30,,
2021-03-31,,
2021-04-01,,
2021-04-02,,
2021-04-03,,
2021-04-04,,
2021-04-05,,
2021-04-06,,
2021-04-07,,
2021-04-08,,
2021-04-09,,
2021-04-10,,
2021-04-11,,
2021-04-12,,
2021-04-13,,
2021-04-14,,
2021-04-15,,
2021-04-16,,
2021-04-17,,
2021-04-18,,
2021-04-19,,
2021-04-20,,
2021-04-21,,
2021-04-22,,
2021-04-23,,
2021-04-24,,
2021-04-25,,
2021-04-26,,
2021-04-27,,
2021-04-28,,
2021-04-29,,
2021-04-30,,
2021-05-01,,
2021-05-02,,
2021-05-03,,
2021-05-04,,
2021-05-05,,
2021-05-06,,
2021-05-07,,
2021-05-08,,
2021-05-09,,
2021-05-10,,
2021-05-11,,
2021-05-12,,
2021-05-13,,
2021-05-14,,
2021-05-15,,
2021-05-16,,
2021-05-17,,
2021-05-18,,
2021-05-19,,
2021-05-20,,
2021-05-21,,
2021-05-22,,
2021-05-23,,
2021-05-24,,
2021-05-25,,
2021-05-26,,
2021-05-27,,
2021-05-28,1622160000.0,0.0
2021-05-29,1622246400.0,420000000.0
2021-05-30,1622332800.0,420000000.0
2021-05-31,1622419200.0,387212527.0
2021-06-01,1622505600.0,336296373.0
2021-06-02,1622592000.0,317868435.0
2021-06-03,1622678400.0,295029322.0
2021-06-04,1622764800.0,276166769.0
2021-06-05,1622851200.0,238626138.0
2021-06-06,1622937600.0,216686803.0
2021-06-07,1623024000.0,197184778.0
2021-06-08,1623110400.0,196139935.0
2021-06-09,1623196800.0,196139935.0
2021-06-10,1623283200.0,191974228.0
2021-06-11,1623369600.0,190832938.0
2021-06-12,1623456000.0,190832938.0
2021-06-13,1623542400.0,190832938.0
2021-06-14,1623628800.0,190832938.0
2021-06-15,1623715200.0,141309949.0
2021-06-16,1623801600.0,127330414.0
2021-06-17,1623888000.0,135843439.0
2021-06-18,1623974400.0,140270248.0
2021-06-19,1624060800.0,140656864.0
2021-06-20,1624147200.0,134486072.0
2021-06-21,1624233600.0,155610312.0
2021-06-22,1624320000.0,230924254.0
2021-06-23,1624406400.0,250522718.0
2021-06-24,1624492800.0,192587010.0
2021-06-25,1624579200.0,172152897.0
2021-06-26,1624665600.0,168350669.0
2021-06-27,1624752000.0,143682935.0
2021-06-28,1624838400.0,134269316.0
2021-06-29,1624924800.0,133289094.0
2021-06-30,1625011200.0,133289094.0
2021-07-01,1625097600.0,133289094.0
2021-07-02,1625184000.0,133289094.0
2021-07-03,1625270400.0,133289094.0
2021-07-04,1625356800.0,133289094.0
2021-07-05,1625443200.0,133289094.0
2021-07-06,1625529600.0,174751026.0
2021-07-07,1625616000.0,382311205.0
2021-07-08,1625702400.0,356026796.0
2021-07-09,1625788800.0,340658986.0
2021-07-10,1625875200.0,284008995.0
2021-07-11,1625961600.0,251193414.0
2021-07-12,1626048000.0,249205972.0
2021-07-13,1626134400.0,249205972.0
2021-07-14,1626220800.0,249205972.0
2021-07-15,1626307200.0,249205972.0
2021-07-16,1626393600.0,249205972.0
2021-07-17,1626480000.0,249205972.0
2021-07-18,1626566400.0,249205972.0
2021-07-19,1626652800.0,249205972.0
2021-07-20,1626739200.0,249205972.0
2021-07-21,1626825600.0,190740351.0
2021-07-22,1626912000.0,177893746.0
2021-07-23,1626998400.0,177893746.0
2021-07-24,1627084800.0,177893746.0
2021-07-25,1627171200.0,177893746.0
2021-07-26,1627257600.0,177893746.0
2021-07-27,1627344000.0,177893746.0
2021-07-28,1627430400.0,177893746.0
2021-07-29,1627516800.0,177893746.0
2021-07-30,1627603200.0,187844478.0
2021-07-31,1627689600.0,236895845.0
2021-08-01,1627776000.0,261461767.0
2021-08-02,1627862400.0,288250120.0
2021-08-03,1627948800.0,306116017.0
2021-08-04,1628035200.0,313398456.0
2021-08-05,1628121600.0,348251909.0
2021-08-06,1628208000.0,393024910.0
2021-08-07,1628294400.0,398973192.0
2021-08-08,1628380800.0,460795339.0
2021-08-09,1628467200.0,425277287.0
2021-08-10,1628553600.0,440196490.0
2021-08-11,1628640000.0,433917020.0
2021-08-12,1628726400.0,417360357.0
2021-08-13,1628812800.0,404554933.0
2021-08-14,1628899200.0,426542696.0
2021-08-15,1628985600.0,415111914.0
2021-08-16,1629072000.0,497991675.0
2021-08-17,1629158400.0,466838594.0
2021-08-18,1629244800.0,457979752.0
2021-08-19,1629331200.0,429592829.0
2021-08-20,1629417600.0,420498013.0
2021-08-21,1629504000.0,384096369.0
2021-08-22,1629590400.0,362815393.0
2021-08-23,1629676800.0,423113426.0
2021-08-24,1629763200.0,555577836.0
2021-08-25,1629849600.0,632684522.0
2021-08-26,1629936000.0,672451057.0
2021-08-27,1630022400.0,811603836.0
2021-08-28,1630108800.0,930509339.0
2021-08-29,1630195200.0,954936611.0
2021-08-30,1630281600.0,896297977.0
2021-08-31,1630368000.0,1076861817.0
2021-09-01,1630454400.0,1112855224.0
2021-09-02,1630540800.0,1114689084.0
2021-09-03,1630627200.0,1204887743.0
2021-09-04,1630713600.0,1246033588.0
2021-09-05,1630800000.0,1140697946.0
2021-09-06,1630886400.0,1100287208.0
2021-09-07,1630972800.0,1117451037.0
2021-09-08,1631059200.0,1299182720.0
2021-09-09,1631145600.0,1390445940.0
2021-09-10,1631232000.0,1160690362.0
2021-09-11,1631318400.0,903199059.0
2021-09-12,1631404800.0,8890471633.0
2021-09-13,1631491200.0,706491994.0
2021-09-14,1631577600.0,1421843498.0
2021-09-15,1631664000.0,647808410.0
2021-09-16,1631750400.0,668943812.0
2021-09-17,1631836800.0,713204426.0
2021-09-18,1631923200.0,642970854.0
2021-09-19,1632009600.0,553070284.0
2021-09-20,1632096000.0,613082519.0
2021-09-21,1632182400.0,707625618.0
2021-09-22,1632268800.0,763974663.0
2021-09-23,1632355200.0,690370057.0
2021-09-24,1632441600.0,657965118.0
2021-09-25,1632528000.0,603525801.0
2021-09-26,1632614400.0,543555085.0
2021-09-27,1632700800.0,575714936.0
2021-09-28,1632787200.0,732029646.0
2021-09-29,1632873600.0,730426432.0
2021-09-30,1632960000.0,792504162.0
2021-10-01,1633046400.0,826272032.0
2021-10-02,1633132800.0,722768093.0
2021-10-03,1633219200.0,644183207.0
2021-10-04,1633305600.0,691447609.0
2021-10-05,1633392000.0,852568090.0
2021-10-06,1633478400.0,1008825913.0
2021-10-07,1633564800.0,1119414687.0
2021-10-08,1633651200.0,1134198474.0
2021-10-09,1633737600.0,1014065774.0
2021-10-10,1633824000.0,846021747.0
2021-10-11,1633910400.0,883028871.0
2021-10-12,1633996800.0,907500269.0
2021-10-13,1634083200.0,846980931.0
2021-10-14,1634169600.0,936072452.0
2021-10-15,1634256000.0,1068897653.0
2021-10-16,1634342400.0,991937015.0
2021-10-17,1634428800.0,817584442.0
2021-10-18,1634515200.0,780170096.0
2021-10-19,1634601600.0,735103877.0
2021-10-20,1634688000.0,727292323.0
2021-10-21,1634774400.0,781410069.0
2021-10-22,1634860800.0,762872423.0
2021-10-23,1634947200.0,718993096.0
2021-10-24,1635033600.0,665328808.0
2021-10-25,1635120000.0,729539355.0
2021-10-26,1635206400.0,939419441.0
2021-10-27,1635292800.0,1134835068.0
2021-10-28,1635379200.0,1469278303.0
2021-10-29,1635465600.0,1584158812.0
2021-10-30,1635552000.0,1553261926.0
2021-10-31,1635638400.0,1474467558.0
2021-11-01,1635724800.0,1395535145.0
2021-11-02,1635811200.0,1485622383.0
2021-11-03,1635897600.0,1522962134.0
2021-11-04,1635984000.0,1454858198.0
2021-11-05,1636070400.0,1351801665.0
2021-11-06,1636156800.0,1220129828.0
2021-11-07,1636243200.0,1038609107.0
2021-11-08,1636329600.0,1038388139.0
2021-11-09,1636416000.0,1284034743.0
2021-11-10,1636502400.0,1376447940.0
2021-11-11,1636588800.0,1498200628.0
2021-11-12,1636675200.0,1492886662.0
2021-11-13,1636761600.0,1344469558.0
2021-11-14,1636848000.0,1215662494.0
2021-11-15,1636934400.0,1180914460.0
2021-11-16,1637020800.0,1305082513.0
2021-11-17,1637107200.0,1327151711.0
2021-11-18,1637193600.0,1285125991.0
2021-11-19,1637280000.0,1283897249.0
2021-11-20,1637366400.0,1124923209.0
2021-11-21,1637452800.0,1024735854.0
2021-11-22,1637539200.0,1121954407.0
2021-11-23,1637625600.0,1153563156.0
2021-11-24,1637712000.0,1113628186.0
2021-11-25,1637798400.0,1141963409.0
2021-11-26,1637884800.0,1092013384.0
2021-11-27,1637971200.0,1054529700.0
2021-11-28,1638057600.0,951582010.0
2021-11-29,1638144000.0,1047163284.0
2021-11-30,1638230400.0,1119469768.0
2021-12-01,1638316800.0,1203295087.0
2021-12-02,1638403200.0,1129055479.0
2021-12-03,1638489600.0,1042277689.0
2021-12-04,1638576000.0,1214549185.0
2021-12-05,1638662400.0,1068582592.0
2021-12-06,1638748800.0,1018885981.0
2021-12-07,1638835200.0,979989664.0
2021-12-08,1638921600.0,858391468.0
2021-12-09,1639008000.0,806429739.0
2021-12-10,1639094400.0,734859709.0
2021-12-11,1639180800.0,696842973.0
2021-12-12,1639267200.0,641169213.0
2021-12-13,1639353600.0,642789831.0
2021-12-14,1639440000.0,712184937.0
2021-12-15,1639526400.0,694644862.0
2021-12-16,1639612800.0,757149599.0
2021-12-17,1639699200.0,831284135.0
2021-12-18,1639785600.0,802450035.0
2021-12-19,1639872000.0,639498571.0
2021-12-20,1639958400.0,619396428.0
2021-12-21,1640044800.0,663169083.0
2021-12-22,1640131200.0,676017400.0
2021-12-23,1640217600.0,750869479.0
2021-12-24,1640304000.0,750450121.0
2021-12-25,1640390400.0,705792898.0
2021-12-26,1640476800.0,648277465.0
2021-12-27,1640563200.0,626402677.0
2021-12-28,1640649600.0,754119470.0
2021-12-29,1640736000.0,934865545.0
2021-12-30,1640822400.0,1004908768.0
2021-12-31,1640908800.0,976928356.0
2022-01-01,1640995200.0,824271141.0
2022-01-02,1641081600.0,820849473.0
2022-01-03,1641168000.0,887908549.0
2022-01-04,1641254400.0,964317651.0
2022-01-05,1641340800.0,1064138081.0
2022-01-06,1641427200.0,1166037688.0
2022-01-07,1641513600.0,1209154753.0
2022-01-08,1641600000.0,1159012121.0
2022-01-09,1641686400.0,1259858559.0
2022-01-10,1641772800.0,1482847716.0
2022-01-11,1641859200.0,1666274565.0
2022-01-12,1641945600.0,1596640427.0
2022-01-13,1642032000.0,1631640987.0
2022-01-14,1642118400.0,1674489153.0
2022-01-15,1642204800.0,1554587347.0
2022-01-16,1642291200.0,1356453250.0
2022-01-17,1642377600.0,1285708567.0
2022-01-18,1642464000.0,1191500488.0
2022-01-19,1642550400.0,1142171033.0
2022-01-20,1642636800.0,1185122478.0
2022-01-21,1642723200.0,3050169400.0
2022-01-22,1642809600.0,1563719677.0
2022-01-23,1642896000.0,1342881939.0
2022-01-24,1642982400.0,2090534892.0
2022-01-25,1643068800.0,2889105309.0
2022-01-26,1643155200.0,1245450403.0
2022-01-27,1643241600.0,1252483305.0
2022-01-28,1643328000.0,1302225725.0
2022-01-29,1643414400.0,1249261860.0
2022-01-30,1643500800.0,1114786885.0
2022-01-31,1643587200.0,1055295599.0
2022-02-01,1643673600.0,1143081595.0
2022-02-02,1643760000.0,1322588800.0
2022-02-03,1643846400.0,1144650030.0
2022-02-04,1643932800.0,1150558145.0
2022-02-05,1644019200.0,1015738148.0
2022-02-06,1644105600.0,773460697.0
2022-02-07,1644192000.0,816904658.0
2022-02-08,1644278400.0,865268024.0
2022-02-09,1644364800.0,790443541.0
2022-02-10,1644451200.0,794752010.0
2022-02-11,1644537600.0,777969367.0
2022-02-12,1644624000.0,735294608.0
2022-02-13,1644710400.0,618784546.0
2022-02-14,1644796800.0,548973424.0
2022-02-15,1644883200.0,566249028.0
2022-02-16,1644969600.0,629906149.0
2022-02-17,1645056000.0,640148277.0
2022-02-18,1645142400.0,698961516.0
2022-02-19,1645228800.0,702557114.0
2022-02-20,1645315200.0,660705945.0
2022-02-21,1645401600.0,693090525.0
2022-02-22,1645488000.0,760272588.0
2022-02-23,1645574400.0,751076104.0
2022-02-24,1645660800.0,774113924.0
2022-02-25,1645747200.0,638020397.0
2022-02-26,1645833600.0,558339456.0
2022-02-27,1645920000.0,483057199.0
2022-02-28,1646006400.0,474371133.0
2022-03-01,1646092800.0,593671484.0
2022-03-02,1646179200.0,565816212.0
2022-03-03,1646265600.0,6512553192.0
2022-03-04,1646352000.0,475167693.0
2022-03-05,1646438400.0,431319672.0
2022-03-06,1646524800.0,373198532.0
2022-03-07,1646611200.0,405162250.0
2022-03-08,1646697600.0,388393408.0
2022-03-09,1646784000.0,419582093.0
2022-03-10,1646870400.0,361100179.0
2022-03-11,1646956800.0,319835430.0
2022-03-12,1647043200.0,285863050.0
2022-03-13,1647129600.0,256120483.0
2022-03-14,1647216000.0,267717341.0
2022-03-15,1647302400.0,292859478.0
2022-03-16,1647388800.0,371912808.0
2022-03-17,1647475200.0,422437681.0
2022-03-18,1647561600.0,589708877.0
2022-03-19,1647648000.0,465607374.0
2022-03-20,1647734400.0,338556502.0
2022-03-21,1647820800.0,301968025.0
2022-03-22,1647907200.0,327047180.0
2022-03-23,1647993600.0,392255633.0
2022-03-24,1648080000.0,389385705.0
2022-03-25,1648166400.0,430734217.0
2022-03-26,1648252800.0,451409989.0
2022-03-27,1648339200.0,351263059.0
2022-03-28,1648425600.0,372989564.0
2022-03-29,1648512000.0,451420298.0
2022-03-30,1648598400.0,444651838.0
2022-03-31,1648684800.0,503894319.0
2022-04-01,1648771200.0,565799593.0
2022-04-02,1648857600.0,579218457.0
2022-04-03,1648944000.0,506937063.0
2022-04-04,1649030400.0,534627615.0
2022-04-05,1649116800.0,653621368.0
2022-04-06,1649203200.0,749481854.0
2022-04-07,1649289600.0,675397255.0
2022-04-08,1649376000.0,714899566.0
2022-04-09,1649462400.0,549403310.0
2022-04-10,1649548800.0,429854179.0
2022-04-11,1649635200.0,418331752.0
2022-04-12,1649721600.0,466029489.0
2022-04-13,1649808000.0,472865399.0
2022-04-14,1649894400.0,452305818.0
2022-04-15,1649980800.0,447684617.0
2022-04-16,1650067200.0,391655501.0
2022-04-17,1650153600.0,321446052.0
2022-04-18,1650240000.0,314385544.0
2022-04-19,1650326400.0,379150330.0
2022-04-20,1650412800.0,439555429.0
2022-04-21,1650499200.0,577574371.0
2022-04-22,1650585600.0,548299008.0
2022-04-23,1650672000.0,479916119.0
2022-04-24,1650758400.0,370884547.0
2022-04-25,1650844800.0,393852393.0
2022-04-26,1650931200.0,470078704.0
2022-04-27,1651017600.0,476548464.0
2022-04-28,1651104000.0,482622525.0
2022-04-29,1651190400.0,484987826.0
2022-04-30,1651276800.0,488258574.0
2022-05-01,1651363200.0,1410026670.0
2022-05-02,1651449600.0,778498070.0
2022-05-03,1651536000.0,665606092.0
2022-05-04,1651622400.0,525079636.0
2022-05-05,1651708800.0,606597407.0
2022-05-06,1651795200.0,537565201.0
2022-05-07,1651881600.0,362285103.0
2022-05-08,1651968000.0,304245213.0
2022-05-09,1652054400.0,455245151.0
2022-05-10,1652140800.0,835961280.0
2022-05-11,1652227200.0,2618710451.0
2022-05-12,1652313600.0,3434681192.0
2022-05-13,1652400000.0,1233430295.0
2022-05-14,1652486400.0,515389627.0
2022-05-15,1652572800.0,273419027.0
2022-05-16,1652659200.0,234500836.0
2022-05-17,1652745600.0,274551451.0
2022-05-18,1652832000.0,310369606.0
2022-05-19,1652918400.0,266917441.0
2022-05-20,1653004800.0,264637303.0
2022-05-21,1653091200.0,250538665.0
2022-05-22,1653177600.0,237753759.0
2022-05-23,1653264000.0,258128171.0
2022-05-24,1653350400.0,489058328.0
2022-05-25,1653436800.0,288747376.0
2022-05-26,1653523200.0,455990384.0
2022-05-27,1653609600.0,440213848.0
2022-05-28,1653696000.0,303080507.0
2022-05-29,1653782400.0,187942918.0
2022-05-30,1653868800.0,308693432.0
2022-05-31,1653955200.0,413777324.0
2022-06-01,1654041600.0,560756117.0
2022-06-02,1654128000.0,530483718.0
2022-06-03,1654214400.0,598311442.0
2022-06-04,1654300800.0,578812810.0
2022-06-05,1654387200.0,631901191.0
2022-06-06,1654473600.0,549766617.0
2022-06-07,1654560000.0,588876603.0
2022-06-08,1654646400.0,675383653.0
2022-06-09,1654732800.0,597679580.0
2022-06-10,1654819200.0,582032563.0
2022-06-11,1654905600.0,423238968.0
2022-06-12,1654992000.0,381812010.0
2022-06-13,1655078400.0,1021668002.0
2022-06-14,1655164800.0,667387361.0
2022-06-15,1655251200.0,2403050177.0
2022-06-16,1655337600.0,567297435.0
2022-06-17,1655424000.0,392815153.0
2022-06-18,1655510400.0,483597171.0
2022-06-19,1655596800.0,404618748.0
2022-06-20,1655683200.0,273610593.0
2022-06-21,1655769600.0,356057137.0
2022-06-22,1655856000.0,368065931.0
2022-06-23,1655942400.0,466456258.0
2022-06-24,1656028800.0,514171580.0
2022-06-25,1656115200.0,361484159.0
2022-06-26,1656201600.0,398381340.0
2022-06-27,1656288000.0,761964263.0
2022-06-28,1656374400.0,13139249226.0
2022-06-29,1656460800.0,47782874093.0
2022-06-30,1656547200.0,523012792.0
2022-07-01,1656633600.0,399366295.0
2022-07-02,1656720000.0,218667286.0
2022-07-03,1656806400.0,176280898.0
2022-07-04,1656892800.0,222818105.0
2022-07-05,1656979200.0,248770047.0
2022-07-06,1657065600.0,275288952.0
2022-07-07,1657152000.0,318165356.0
2022-07-08,1657238400.0,358153275.0
2022-07-09,1657324800.0,208502504.0
2022-07-10,1657411200.0,172252521.0
2022-07-11,1657497600.0,247783811.0
2022-07-12,1657584000.0,263595521.0
2022-07-13,1657670400.0,1051636792.0
2022-07-14,1657756800.0,298593353.0
2022-07-15,1657843200.0,331465046.0
2022-07-16,1657929600.0,625396266.0
2022-07-17,1658016000.0,195758558.0
2022-07-18,1658102400.0,253819285.0
2022-07-19,1658188800.0,294010701.0
2022-07-20,1658275200.0,293036515.0
2022-07-21,1658361600.0,251469655.0
2022-07-22,1658448000.0,170851445.0
2022-07-23,1658534400.0,129717954.0
2022-07-24,1658620800.0,113775172.0
2022-07-25,1658707200.0,146254554.0
2022-07-26,1658793600.0,237560629.0
2022-07-27,1658880000.0,317757068.0
2022-07-28,1658966400.0,268348476.0
2022-07-29,1659052800.0,183448197.0
2022-07-30,1659139200.0,113113840.0
2022-07-31,1659225600.0,85264549.0
2022-08-01,1659312000.0,113535714.0
2022-08-02,1659398400.0,142269087.0
2022-08-03,1659484800.0,119030726.0
2022-08-04,1659571200.0,132485095.0
2022-08-05,1659657600.0,128393301.0
2022-08-06,1659744000.0,108749448.0
2022-08-07,1659830400.0,80855047.0
2022-08-08,1659916800.0,126360877.0
2022-08-09,1660003200.0,181016839.0
2022-08-10,1660089600.0,4932262620.0
2022-08-11,1660176000.0,258192495.0
2022-08-12,1660262400.0,218891547.0
2022-08-13,1660348800.0,161331871.0
2022-08-14,1660435200.0,108627874.0
2022-08-15,1660521600.0,161565737.0
2022-08-16,1660608000.0,175511383.0
2022-08-17,1660694400.0,136012060.0
2022-08-18,1660780800.0,159604317.0
2022-08-19,1660867200.0,156865106.0
2022-08-20,1660953600.0,124757672.0
2022-08-21,1661040000.0,96588791.0
2022-08-22,1661126400.0,103014632.0
2022-08-23,1661212800.0,130701218.0
2022-08-24,1661299200.0,120629631.0
2022-08-25,1661385600.0,135199229.0
2022-08-26,1661472000.0,746330220.0
2022-08-27,1661558400.0,142354396.0
2022-08-28,1661644800.0,76321462.0
2022-08-29,1661731200.0,213951398.0
2022-08-30,1661817600.0,227100557.0
2022-08-31,1661904000.0,139083537.0
2022-09-01,1661990400.0,100000000.0
2022-09-02,1662076800.0,100000000.0
2022-09-03,1662163200.0,100000000.0
2022-09-04,1662249600.0,100000000.0
2022-09-05,1662336000.0,100000000.0
2022-09-06,1662422400.0,100000850.0
2022-09-07,1662508800.0,100000000.0
2022-09-08,1662595200.0,100000000.0
2022-09-09,1662681600.0,100000000.0
2022-09-10,1662768000.0,100011633.0
2022-09-11,1662854400.0,100008522.0
2022-09-12,1662940800.0,100000000.0
2022-09-13,1663027200.0,100331324.0
2022-09-14,1663113600.0,100000000.0
2022-09-15,1663200000.0,100084877.0
2022-09-16,1663286400.0,100008400.0
2022-09-17,1663372800.0,100000000.0
2022-09-18,1663459200.0,100021087.0
2022-09-19,1663545600.0,100021280.0
2022-09-20,1663632000.0,100000023.0
2022-09-21,1663718400.0,110021221.0
2022-09-22,1663804800.0,100000000.0
2022-09-23,1663891200.0,100000000.0
2022-09-24,1663977600.0,100000000.0
2022-09-25,1664064000.0,100000000.0
2022-09-26,1664150400.0,100000000.0
2022-09-27,1664236800.0,100000000.0
2022-09-28,1664323200.0,100007414.0
2022-09-29,1664409600.0,100000000.0
2022-09-30,1664496000.0,100197680.0
2022-10-01,1664582400.0,100000000.0
2022-10-02,1664668800.0,100001149.0
2022-10-03,1664755200.0,100000000.0
2022-10-04,1664841600.0,100000000.0
2022-10-05,1664928000.0,100000000.0
2022-10-06,1665014400.0,100000000.0
2022-10-07,1665100800.0,100213537.0
2022-10-08,1665187200.0,100000231.0
2022-10-09,1665273600.0,100000000.0
2022-10-10,1665360000.0,100000000.0
2022-10-11,1665446400.0,100000000.0
2022-10-12,1665532800.0,100000000.0
2022-10-13,1665619200.0,102704240.0
2022-10-14,1665705600.0,100000000.0
2022-10-15,1665792000.0,100000000.0
2022-10-16,1665878400.0,100000000.0
2022-10-17,1665964800.0,100000000.0
2022-10-18,1666051200.0,100000000.0
2022-10-19,1666137600.0,100000000.0
2022-10-20,1666224000.0,100000000.0
2022-10-21,1666310400.0,100001976.0
2022-10-22,1666396800.0,100000000.0
2022-10-23,1666483200.0,100001230.0
2022-10-24,1666569600.0,100000285.0
2022-10-25,1666656000.0,100250289.0
2022-10-26,1666742400.0,100000000.0
2022-10-27,1666828800.0,100026168.0
2022-10-28,1666915200.0,100042880.0
2022-10-29,1667001600.0,100000214.0
2022-10-30,1667088000.0,100000000.0
2022-10-31,1667174400.0,100001564.0
2022-11-01,1667260800.0,100000000.0
2022-11-02,1667347200.0,100507716.0
2022-11-03,1667433600.0,100000000.0
2022-11-04,1667520000.0,100000005.0
2022-11-05,1667606400.0,100000000.0
2022-11-06,1667692800.0,100000000.0
2022-11-07,1667779200.0,100000000.0
2022-11-08,1667865600.0,103048566.0
2022-11-09,1667952000.0,100029311.0
2022-11-10,1668038400.0,102537950.0
2022-11-11,1668124800.0,100109079.0
2022-11-12,1668211200.0,100000000.0
2022-11-13,1668297600.0,100000000.0
2022-11-14,1668384000.0,100002454.0
2022-11-15,1668470400.0,100000000.0
2022-11-16,1668556800.0,100000022.0
2022-11-17,1668643200.0,100000000.0
2022-11-18,1668729600.0,100000000.0
2022-11-19,1668816000.0,100000000.0
2022-11-20,1668902400.0,100000000.0
2022-11-21,1668988800.0,100000000.0
2022-11-22,1669075200.0,100000089.0
2022-11-23,1669161600.0,100000000.0
2022-11-24,1669248000.0,100000000.0
2022-11-25,1669334400.0,100000000.0
2022-11-26,1669420800.0,100000000.0
2022-11-27,1669507200.0,100000027.0
2022-11-28,1669593600.0,100000000.0
2022-11-29,1669680000.0,100000000.0
2022-11-30,1669766400.0,100081053.0
2022-12-01,1669852800.0,100000140.0
2022-12-02,1669939200.0,100059557.0
2022-12-03,1670025600.0,100000000.0
2022-12-04,1670112000.0,100000000.0
2022-12-05,1670198400.0,100000000.0
2022-12-06,1670284800.0,100000000.0
2022-12-07,1670371200.0,100015026.0
2022-12-08,1670457600.0,100000171.0
2022-12-09,1670544000.0,100022110.0
2022-12-10,1670630400.0,100000000.0
2022-12-11,1670716800.0,100000000.0
2022-12-12,1670803200.0,100000000.0
2022-12-13,1670889600.0,102806407.0
2022-12-14,1670976000.0,100166594.0
2022-12-15,1671062400.0,100004903.0
2022-12-16,1671148800.0,100454879.0
2022-12-17,1671235200.0,100000000.0
2022-12-18,1671321600.0,100000000.0
2022-12-19,1671408000.0,100000000.0
2022-12-20,1671494400.0,100013996.0
2022-12-21,1671580800.0,100000000.0
2022-12-22,1671667200.0,100030300.0
2022-12-23,1671753600.0,100000626.0
2022-12-24,1671840000.0,100000000.0
2022-12-25,1671926400.0,100018354.0
2022-12-26,1672012800.0,100000000.0
2022-12-27,1672099200.0,100000000.0
2022-12-28,1672185600.0,100000261.0
2022-12-29,1672272000.0,100000000.0
2022-12-30,1672358400.0,100000000.0
2022-12-31,1672444800.0,100000000.0
2023-01-01,1672531200.0,100000000.0
2023-01-02,1672617600.0,100000000.0
2023-01-03,1672704000.0,100000000.0
2023-01-04,1672790400.0,100011267.0
2023-01-05,1672876800.0,100000000.0
2023-01-06,1672963200.0,100000055.0
2023-01-07,1673049600.0,100000000.0
2023-01-08,1673136000.0,100002895.0
2023-01-09,1673222400.0,100000000.0
2023-01-10,1673308800.0,100000000.0
2023-01-11,1673395200.0,100015988.0
2023-01-12,1673481600.0,100384684.0
2023-01-13,1673568000.0,100002854.0
2023-01-14,1673654400.0,109151915.0
2023-01-15,1673740800.0,100000110.0
2023-01-16,1673827200.0,100048609.0
2023-01-17,1673913600.0,100006789.0
2023-01-18,1674000000.0,100091365.0
2023-01-19,1674086400.0,100000000.0
2023-01-20,1674172800.0,100063514.0
2023-01-21,1674259200.0,100140296.0
2023-01-22,1674345600.0,100016258.0
2023-01-23,1674432000.0,100273019.0
2023-01-24,1674518400.0,101237051.0
2023-01-25,1674604800.0,100103394.0
2023-01-26,1674691200.0,100014351.0
2023-01-27,1674777600.0,100152399.0
2023-01-28,1674864000.0,100000000.0
2023-01-29,1674950400.0,100002978.0
2023-01-30,1675036800.0,100527565.0
2023-01-31,1675123200.0,100026575.0
2023-02-01,1675209600.0,100009458.0
2023-02-02,1675296000.0,100057586.0
2023-02-03,1675382400.0,100000486.0
2023-02-04,1675468800.0,100001706.0
2023-02-05,1675555200.0,100027423.0
2023-02-06,1675641600.0,100002597.0
2023-02-07,1675728000.0,100000439.0
2023-02-08,1675814400.0,100000639.0
2023-02-09,1675900800.0,101561074.0
2023-02-10,1675987200.0,100168126.0
2023-02-11,1676073600.0,100000184.0
2023-02-12,1676160000.0,100001560.0
2023-02-13,1676246400.0,100125824.0
2023-02-14,1676332800.0,101774642.0
2023-02-15,1676419200.0,100038473.0
2023-02-16,1676505600.0,100265183.0
2023-02-17,1676592000.0,100000390.0
2023-02-18,1676678400.0,100000271.0
2023-02-19,1676764800.0,100002008.0
2023-02-20,1676851200.0,100674802.0
2023-02-21,1676937600.0,163305897.0
2023-02-22,1677024000.0,694976336.0
2023-02-23,1677110400.0,113362618.0
2023-02-24,1677196800.0,105113630.0
2023-02-25,1677283200.0,100135125.0
2023-02-26,1677369600.0,100001158.0
2023-02-27,1677456000.0,100010435.0
2023-02-28,1677542400.0,100127322.0
2023-03-01,1677628800.0,100290537.0
2023-03-02,1677715200.0,100000002.0
2023-03-03,1677801600.0,107591626.0
2023-03-04,1677888000.0,100000000.0
2023-03-05,1677974400.0,100009386.0
2023-03-06,1678060800.0,100000857.0
2023-03-07,1678147200.0,100430487.0
2023-03-08,1678233600.0,103855804.0
2023-03-09,1678320000.0,158339247.0
2023-03-10,1678406400.0,101972104.0
2023-03-11,1678492800.0,100072957.0
2023-03-12,1678579200.0,100278071.0
2023-03-13,1678665600.0,100410259.0
2023-03-14,1678752000.0,106238316.0
2023-03-15,1678838400.0,100429546.0
2023-03-16,1678924800.0,177341938.0
2023-03-17,1679011200.0,100340018.0
2023-03-18,1679097600.0,100561047.0
2023-03-19,1679184000.0,100204938.0
2023-03-20,1679270400.0,100085062.0
2023-03-21,1679356800.0,108397362.0
2023-03-22,1679443200.0,109303175.0
2023-03-23,1679529600.0,3006604961.0
2023-03-24,1679616000.0,101925049.0
2023-03-25,1679702400.0,100081116.0
2023-03-26,1679788800.0,100246059.0
2023-03-27,1679875200.0,124325132.0
2023-03-28,1679961600.0,100434642.0
2023-03-29,1680048000.0,100832332.0
2023-03-30,1680134400.0,385492781.0
2023-03-31,1680220800.0,100178763.0
2023-04-01,1680307200.0,100156360.0
2023-04-02,1680393600.0,112223487.0
2023-04-03,1680480000.0,1841572188.0
2023-04-04,1680566400.0,111866408.0
2023-04-05,1680652800.0,102914989.0
2023-04-06,1680739200.0,100092553.0
2023-04-07,1680825600.0,100067088.0
2023-04-08,1680912000.0,100035688.0
2023-04-09,1680998400.0,100474513.0
2023-04-10,1681084800.0,100433970.0
2023-04-11,1681171200.0,100116580.0
2023-04-12,1681257600.0,103442607.0
2023-04-13,1681344000.0,100405578.0
2023-04-14,1681430400.0,119980214.0
2023-04-15,1681516800.0,106543282.0
2023-04-16,1681603200.0,100308516.0
2023-04-17,1681689600.0,116513975.0
2023-04-18,1681776000.0,100200021.0
2023-04-19,1681862400.0,199262805.0
2023-04-20,1681948800.0,457279180.0
2023-04-21,1682035200.0,104223036.0
2023-04-22,1682121600.0,542355357.0
2023-04-23,1682208000.0,100103625.0
2023-04-24,1682294400.0,275321108.0
2023-04-25,1682380800.0,104445029.0
2023-04-26,1682467200.0,123672294.0
2023-04-27,1682553600.0,320718044.0
2023-04-28,1682640000.0,101852811.0
2023-04-29,1682726400.0,102293624.0
2023-04-30,1682812800.0,100419479.0
2023-05-01,1682899200.0,102286846.0
2023-05-02,1682985600.0,146721918.0
2023-05-03,1683072000.0,100444476.0
2023-05-04,1683158400.0,100050371.0
2023-05-05,1683244800.0,103068867.0
2023-05-06,1683331200.0,102517311.0
2023-05-07,1683417600.0,100032156.0
2023-05-08,1683504000.0,105266007.0
2023-05-09,1683590400.0,173055721.0
2023-05-10,1683676800.0,111074843.0
2023-05-11,1683763200.0,548277714.0
2023-05-12,1683849600.0,101825446.0
2023-05-13,1683936000.0,100068558.0
2023-05-14,1684022400.0,100085729.0
2023-05-15,1684108800.0,197201981.0
2023-05-16,1684195200.0,100027942.0
2023-05-17,1684281600.0,100025770.0
2023-05-18,1684368000.0,100196021.0
2023-05-19,1684454400.0,105005414.0
2023-05-20,1684540800.0,100000001.0
2023-05-21,1684627200.0,100145160.0
2023-05-22,1684713600.0,100046689.0
2023-05-23,1684800000.0,100172237.0
2023-05-24,1684886400.0,100546954.0
2023-05-25,1684972800.0,100263783.0
2023-05-26,1685059200.0,100090121.0
2023-05-27,1685145600.0,100043469.0
2023-05-28,1685232000.0,102092893.0
2023-05-29,1685318400.0,100077161.0
2023-05-30,1685404800.0,100010357.0
2023-05-31,1685491200.0,100647044.0
2023-06-01,1685577600.0,100266542.0
2023-06-02,1685664000.0,100255944.0
2023-06-03,1685750400.0,221392809.0
2023-06-04,1685836800.0,100005402.0
2023-06-05,1685923200.0,129360033.0
2023-06-06,1686009600.0,100536253.0
2023-06-07,1686096000.0,100025480.0
2023-06-08,1686182400.0,100008675.0
2023-06-09,1686268800.0,100041851.0
2023-06-10,1686355200.0,113340195.0
2023-06-11,1686441600.0,100012005.0
2023-06-12,1686528000.0,100070053.0
2023-06-13,1686614400.0,102463917.0
2023-06-14,1686700800.0,115842253.0
2023-06-15,1686787200.0,100022381.0
2023-06-16,1686873600.0,100682548.0
2023-06-17,1686960000.0,105671821.0
2023-06-18,1687046400.0,100228478.0
2023-06-19,1687132800.0,100329426.0
2023-06-20,1687219200.0,100706123.0
2023-06-21,1687305600.0,360281838.0
2023-06-22,1687392000.0,101158283.0
2023-06-23,1687478400.0,100694805.0
2023-06-24,1687564800.0,100196246.0
2023-06-25,1687651200.0,100000283.0
2023-06-26,1687737600.0,102905435.0
2023-06-27,1687824000.0,100061791.0
2023-06-28,1687910400.0,106956751.0
2023-06-29,1687996800.0,100005543.0
2023-06-30,1688083200.0,131005483.0
2023-07-01,1688169600.0,100000000.0
2023-07-02,1688256000.0,103538563.0
2023-07-03,1688342400.0,100042996.0
2023-07-04,1688428800.0,100038020.0
2023-07-05,1688515200.0,101589961.0
2023-07-06,1688601600.0,100118106.0
2023-07-07,1688688000.0,100570169.0
2023-07-08,1688774400.0,100038381.0
2023-07-09,1688860800.0,100000109.0
2023-07-10,1688947200.0,100062576.0
2023-07-11,1689033600.0,100000394.0
2023-07-12,1689120000.0,100515510.0
2023-07-13,1689206400.0,103437473.0
2023-07-14,1689292800.0,102704562.0
2023-07-15,1689379200.0,100000072.0
2023-07-16,1689465600.0,100603990.0
2023-07-17,1689552000.0,100458780.0
2023-07-18,1689638400.0,100582636.0
2023-07-19,1689724800.0,100004582.0
2023-07-20,1689811200.0,100049540.0
2023-07-21,1689897600.0,100005425.0
2023-07-22,1689984000.0,103093467.0
2023-07-23,1690070400.0,100000356.0
2023-07-24,1690156800.0,105406120.0
2023-07-25,1690243200.0,100000667.0
2023-07-26,1690329600.0,100039466.0
2023-07-27,1690416000.0,100005028.0
2023-07-28,1690502400.0,100000327.0
2023-07-29,1690588800.0,100000000.0
2023-07-30,1690675200.0,100371950.0
2023-07-31,1690761600.0,100003334.0
2023-08-01,1690848000.0,109149146.0
2023-08-02,1690934400.0,100186798.0
2023-08-03,1691020800.0,100034613.0
2023-08-04,1691107200.0,100096549.0
2023-08-05,1691193600.0,100000012.0
2023-08-06,1691280000.0,100000597.0
2023-08-07,1691366400.0,100203855.0
2023-08-08,1691452800.0,100020335.0
2023-08-09,1691539200.0,100000065.0
2023-08-10,1691625600.0,100021733.0
2023-08-11,1691712000.0,100056988.0
2023-08-12,1691798400.0,100000000.0
2023-08-13,1691884800.0,100000000.0
2023-08-14,1691971200.0,100000000.0
2023-08-15,1692057600.0,109596318.0
2023-08-16,1692144000.0,102381633.0
2023-08-17,1692230400.0,500922825.0
2023-08-18,1692316800.0,100793529.0
2023-08-19,1692403200.0,100781603.0
2023-08-20,1692489600.0,100214370.0
2023-08-21,1692576000.0,100377190.0
2023-08-22,1692662400.0,109209616.0
2023-08-23,1692748800.0,100300459.0
2023-08-24,1692835200.0,100036246.0
2023-08-25,1692921600.0,100958405.0
2023-08-26,1693008000.0,100000000.0
2023-08-27,1693094400.0,100000029.0
2023-08-28,1693180800.0,101127482.0
2023-08-29,1693267200.0,164067004.0
2023-08-30,1693353600.0,100384480.0
2023-08-31,1693440000.0,102241860.0
2023-09-01,1693526400.0,100306927.0
2023-09-02,1693612800.0,100000000.0
2023-09-03,1693699200.0,100001811.0
2023-09-04,1693785600.0,100008384.0
2023-09-05,1693872000.0,100002820.0
2023-09-06,1693958400.0,103651247.0
2023-09-07,1694044800.0,100181955.0
2023-09-08,1694131200.0,100122151.0
2023-09-09,1694217600.0,100000000.0
2023-09-10,1694304000.0,101969739.0
2023-09-11,1694390400.0,104673035.0
2023-09-12,1694476800.0,102619003.0
2023-09-13,1694563200.0,104036095.0
2023-09-14,1694649600.0,100079089.0
2023-09-15,1694736000.0,100033856.0
2023-09-16,1694822400.0,100000248.0
2023-09-17,1694908800.0,100127532.0
2023-09-18,1694995200.0,100070344.0
2023-09-19,1695081600.0,100010463.0
2023-09-20,1695168000.0,100900022.0
2023-09-21,1695254400.0,100150093.0
2023-09-22,1695340800.0,100000000.0
2023-09-23,1695427200.0,100000000.0
2023-09-24,1695513600.0,100548555.0
2023-09-25,1695600000.0,100129188.0
2023-09-26,1695686400.0,100000899.0
2023-09-27,1695772800.0,100239411.0
2023-09-28,1695859200.0,100069158.0
2023-09-29,1695945600.0,100610082.0
2023-09-30,1696032000.0,100067188.0
2023-10-01,1696118400.0,128971210.0
2023-10-02,1696204800.0,109156509.0
2023-10-03,1696291200.0,100007940.0
2023-10-04,1696377600.0,101104538.0
2023-10-05,1696464000.0,100248349.0
2023-10-06,1696550400.0,100264097.0
2023-10-07,1696636800.0,100000000.0
2023-10-08,1696723200.0,100017335.0
2023-10-09,1696809600.0,107772297.0
2023-10-10,1696896000.0,100039188.0
2023-10-11,1696982400.0,101035802.0
2023-10-12,1697068800.0,102627859.0
2023-10-13,1697155200.0,100229485.0
2023-10-14,1697241600.0,100000000.0
2023-10-15,1697328000.0,100017909.0
2023-10-16,1697414400.0,189939664.0
2023-10-17,1697500800.0,100552893.0
2023-10-18,1697587200.0,101081341.0
2023-10-19,1697673600.0,100869659.0
2023-10-20,1697760000.0,100325320.0
2023-10-21,1697846400.0,100017368.0
2023-10-22,1697932800.0,100623489.0
2023-10-23,1698019200.0,176385298.0
2023-10-24,1698105600.0,103331675.0
2023-10-25,1698192000.0,100038499.0
2023-10-26,1698278400.0,100757793.0
2023-10-27,1698364800.0,101304814.0
2023-10-28,1698451200.0,100074047.0
2023-10-29,1698537600.0,100017036.0
2023-10-30,1698624000.0,100344654.0
2023-10-31,1698710400.0,100302368.0
2023-11-01,1698796800.0,100115269.0
2023-11-02,1698883200.0,100485818.0
2023-11-03,1698969600.0,100007602.0
2023-11-04,1699056000.0,100004089.0
2023-11-05,1699142400.0,100275288.0
2023-11-06,1699228800.0,100001418.0
2023-11-07,1699315200.0,100014224.0
2023-11-08,1699401600.0,100000000.0
2023-11-09,1699488000.0,122113982.0
2023-11-10,1699574400.0,100017868.0
2023-11-11,1699660800.0,101799257.0
2023-11-12,1699747200.0,100177233.0
2023-11-13,1699833600.0,100356385.0
2023-11-14,1699920000.0,122097255.0
2023-11-15,1700006400.0,100634336.0
2023-11-16,1700092800.0,101537114.0
2023-11-17,1700179200.0,100570872.0
2023-11-18,1700265600.0,100007070.0
2023-11-19,1700352000.0,100036001.0
2023-11-20,1700438400.0,100551792.0
2023-11-21,1700524800.0,101982863.0
2023-11-22,1700611200.0,100176963.0
2023-11-23,1700697600.0,100026405.0
2023-11-24,1700784000.0,100093165.0
2023-11-25,1700870400.0,100000180.0
2023-11-26,1700956800.0,100122436.0
2023-11-27,1701043200.0,100023623.0
2023-11-28,1701129600.0,100006761.0
2023-11-29,1701216000.0,100000717.0
2023-11-30,1701302400.0,100000002.0
2023-12-01,1701388800.0,100003433.0
2023-12-02,1701475200.0,103110584.0
2023-12-03,1701561600.0,100351891.0
2023-12-04,1701648000.0,106949178.0
2023-12-05,1701734400.0,100904381.0
2023-12-06,1701820800.0,100036137.0
2023-12-07,1701907200.0,100098237.0
2023-12-08,1701993600.0,100015060.0
2023-12-09,1702080000.0,100782731.0
2023-12-10,1702166400.0,100001151.0
2023-12-11,1702252800.0,190410787.0
2023-12-12,1702339200.0,100608446.0
2023-12-13,1702425600.0,100106136.0
2023-12-14,1702512000.0,107200800.0
2023-12-15,1702598400.0,936172886.0
2023-12-16,1702684800.0,118141577.0
2023-12-17,1702771200.0,100273702.0
2023-12-18,1702857600.0,119234612.0
2023-12-19,1702944000.0,100000234.0
2023-12-20,1703030400.0,100145150.0
2023-12-21,1703116800.0,100009998.0
2023-12-22,1703203200.0,101812091.0
2023-12-23,1703289600.0,100101645.0
2023-12-24,1703376000.0,101378527.0
2023-12-25,1703462400.0,100000481.0
2023-12-26,1703548800.0,107903390.0
2023-12-27,1703635200.0,100040614.0
2023-12-28,1703721600.0,101629726.0
2023-12-29,1703808000.0,100419831.0
2023-12-30,1703894400.0,100007981.0
2023-12-31,1703980800.0,100988142.0
2024-01-01,1704067200.0,100008650.0
2024-01-02,1704153600.0,100058228.0
2024-01-03,1704240000.0,358325461.0
2024-01-04,1704326400.0,100219036.0
2024-01-05,1704412800.0,106339277.0
2024-01-06,1704499200.0,100054149.0
2024-01-07,1704585600.0,100121723.0
2024-01-08,1704672000.0,100726719.0
2024-01-09,1704758400.0,179231191.0
2024-01-10,1704844800.0,111783273.0
2024-01-11,1704931200.0,101862737.0
2024-01-12,1705017600.0,108688928.0
2024-01-13,1705104000.0,100001795.0
2024-01-14,1705190400.0,100068277.0
2024-01-15,1705276800.0,100002321.0
2024-01-16,1705363200.0,100016882.0
2024-01-17,1705449600.0,100006534.0
2024-01-18,1705536000.0,100610605.0
2024-01-19,1705622400.0,100708604.0
2024-01-20,1705708800.0,100000333.0
2024-01-21,1705795200.0,100000023.0
2024-01-22,1705881600.0,100817020.0
2024-01-23,1705968000.0,104287268.0
2024-01-24,1706054400.0,100017675.0
2024-01-25,1706140800.0,100018974.0
2024-01-26,1706227200.0,100013991.0
2024-01-27,1706313600.0,100000006.0
2024-01-28,1706400000.0,100018059.0
2024-01-29,1706486400.0,100000378.0
2024-01-30,1706572800.0,100032711.0
2024-01-31,1706659200.0,100088220.0
2024-02-01,1706745600.0,100310109.0
2024-02-02,1706832000.0,100009054.0
2024-02-03,1706918400.0,100000842.0
2024-02-04,1707004800.0,100283694.0
2024-02-05,1707091200.0,100003674.0
2024-02-06,1707177600.0,100596689.0
2024-02-07,1707264000.0,100026805.0
2024-02-08,1707350400.0,100027332.0
2024-02-09,1707436800.0,100217774.0
2024-02-10,1707523200.0,100000000.0
2024-02-11,1707609600.0,100005119.0
2024-02-12,1707696000.0,100613739.0
2024-02-13,1707782400.0,102301038.0
2024-02-14,1707868800.0,100025622.0
2024-02-15,1707955200.0,100100575.0
2024-02-16,1708041600.0,100426430.0
2024-02-17,1708128000.0,100639151.0
2024-02-18,1708214400.0,100033973.0
2024-02-19,1708300800.0,100008686.0
2024-02-20,1708387200.0,101548007.0
2024-02-21,1708473600.0,100034931.0
2024-02-22,1708560000.0,100006965.0
2024-02-23,1708646400.0,100019352.0
2024-02-24,1708732800.0,100000591.0
2024-02-25,1708819200.0,100050125.0
2024-02-26,1708905600.0,100050137.0
2024-02-27,1708992000.0,101491062.0
2024-02-28,1709078400.0,156788232.0
2024-02-29,1709164800.0,101171239.0
2024-03-01,1709251200.0,102035129.0
2024-03-02,1709337600.0,100020826.0
2024-03-03,1709424000.0,105726627.0
2024-03-04,1709510400.0,101484909.0
2024-03-05,1709596800.0,206926501.0
2024-03-06,1709683200.0,100700705.0
2024-03-07,1709769600.0,102387599.0
2024-03-08,1709856000.0,109183049.0
2024-03-09,1709942400.0,100000000.0
2024-03-10,1710028800.0,100033559.0
2024-03-11,1710115200.0,103901414.0
2024-03-12,1710201600.0,101639845.0
2024-03-13,1710288000.0,100000522.0
2024-03-14,1710374400.0,106629797.0
2024-03-15,1710460800.0,155792734.0
2024-03-16,1710547200.0,101084546.0
2024-03-17,1710633600.0,103703269.0
2024-03-18,1710720000.0,100507361.0
2024-03-19,1710806400.0,47695572.0
2024-03-20,1710892800.0,21139401.0
2024-03-21,1710979200.0,10073054.0
2024-03-22,1711065600.0,10501716.0
2024-03-23,1711152000.0,10161083.0
2024-03-24,1711238400.0,10221922.0
2024-03-25,1711324800.0,11149615.0
2024-03-26,1711411200.0,12399780.0
2024-03-27,1711497600.0,26508762.0
2024-03-28,1711584000.0,10084298.0
2024-03-29,1711670400.0,10334136.0
2024-03-30,1711756800.0,10005385.0
2024-03-31,1711843200.0,10002327.0
2024-04-01,1711929600.0,25765652.0
2024-04-02,1712016000.0,36254605.0
2024-04-03,1712102400.0,10922260.0
2024-04-04,1712188800.0,11107216.0
2024-04-05,1712275200.0,10892987.0
2024-04-06,1712361600.0,10026536.0
2024-04-07,1712448000.0,10345207.0
2024-04-08,1712534400.0,13419621.0
2024-04-09,1712620800.0,14919490.0
2024-04-10,1712707200.0,21224180.0
2024-04-11,1712793600.0,11107753.0
2024-04-12,1712880000.0,377221035.0
2024-04-13,1712966400.0,438634464.0
2024-04-14,1713052800.0,28276500.0
2024-04-15,1713139200.0,14107125.0
2024-04-16,1713225600.0,12782840.0
2024-04-17,1713312000.0,20390251.0
2024-04-18,1713398400.0,10977716.0
2024-04-19,1713484800.0,25180856.0
2024-04-20,1713571200.0,10497551.0
2024-04-21,1713657600.0,10161515.0
2024-04-22,1713744000.0,10218167.0
2024-04-23,1713830400.0,12709995.0
2024-04-24,1713916800.0,20584696.0
2024-04-25,1714003200.0,13802418.0
2024-04-26,1714089600.0,11549782.0
2024-04-27,1714176000.0,15659303.0
2024-04-28,1714262400.0,10596394.0
2024-04-29,1714348800.0,10818401.0
2024-04-30,1714435200.0,16925044.0
2024-05-01,1714521600.0,39074820.0
2024-05-02,1714608000.0,10134254.0
2024-05-03,1714694400.0,11189693.0
2024-05-04,1714780800.0,10043074.0
2024-05-05,1714867200.0,10058577.0
2024-05-06,1714953600.0,10607367.0
2024-05-07,1715040000.0,10371155.0
2024-05-08,1715126400.0,140803700.0
2024-05-09,1715212800.0,10044507.0
2024-05-10,1715299200.0,12388517.0
2024-05-11,1715385600.0,10005842.0
2024-05-12,1715472000.0,10004076.0
2024-05-13,1715558400.0,10902217.0
2024-05-14,1715644800.0,11098570.0
2024-05-15,1715731200.0,14451943.0
2024-05-16,1715817600.0,10261123.0
2024-05-17,1715904000.0,11218586.0
2024-05-18,1715990400.0,10826630.0
2024-05-19,1716076800.0,10189950.0
2024-05-20,1716163200.0,57802367.0
2024-05-21,1716249600.0,12763634.0
2024-05-22,1716336000.0,10578497.0
2024-05-23,1716422400.0,70216597.0
2024-05-24,1716508800.0,10729388.0
2024-05-25,1716595200.0,10048060.0
2024-05-26,1716681600.0,10096305.0
2024-05-27,1716768000.0,10425561.0
2024-05-28,1716854400.0,11391664.0
2024-05-29,1716940800.0,10187271.0
2024-05-30,1717027200.0,10426257.0
2024-05-31,1717113600.0,10754112.0
2024-06-01,1717200000.0,10019358.0
2024-06-02,1717286400.0,18353122.0
2024-06-03,1717372800.0,10056710.0
2024-06-04,1717459200.0,10085510.0
2024-06-05,1717545600.0,10137727.0
2024-06-06,1717632000.0,12797429.0
2024-06-07,1717718400.0,72309932.0
2024-06-08,1717804800.0,10222760.0
2024-06-09,1717891200.0,10001091.0
2024-06-10,1717977600.0,10029534.0
2024-06-11,1718064000.0,21658268.0
2024-06-12,1718150400.0,17033784.0
2024-06-13,1718236800.0,13672919.0
2024-06-14,1718323200.0,17751637.0
2024-06-15,1718409600.0,10013490.0
2024-06-16,1718496000.0,14127778.0
2024-06-17,1718582400.0,12028721.0
2024-06-18,1718668800.0,63691218.0
2024-06-19,1718755200.0,10618697.0
2024-06-20,1718841600.0,2189044350.0
2024-06-21,1718928000.0,26564913.0
2024-06-22,1719014400.0,10314173.0
2024-06-23,1719100800.0,10299715.0
2024-06-24,1719187200.0,32119958.0
2024-06-25,1719273600.0,10297256.0
2024-06-26,1719360000.0,10405882.0
2024-06-27,1719446400.0,78129560.0
2024-06-28,1719532800.0,10696732.0
2024-06-29,1719619200.0,10002262.0
2024-06-30,1719705600.0,10218384.0
2024-07-01,1719792000.0,10226041.0
2024-07-02,1719878400.0,10222322.0
2024-07-03,1719964800.0,14847429.0
2024-07-04,1720051200.0,66853729.0
2024-07-05,1720137600.0,144341846.0
2024-07-06,1720224000.0,10152303.0
2024-07-07,1720310400.0,10381338.0
2024-07-08,1720396800.0,31551552.0
2024-07-09,1720483200.0,12513983.0
2024-07-10,1720569600.0,10682231.0
2024-07-11,1720656000.0,14722819.0
2024-07-12,1720742400.0,10416015.0
2024-07-13,1720828800.0,10150864.0
2024-07-14,1720915200.0,10088152.0
2024-07-15,1721001600.0,12048925.0
2024-07-16,1721088000.0,11653707.0
2024-07-17,1721174400.0,17779736.0
2024-07-18,1721260800.0,19672490.0
2024-07-19,1721347200.0,13842634.0
2024-07-20,1721433600.0,10229102.0
2024-07-21,1721520000.0,18405877.0
2024-07-22,1721606400.0,10962926.0
2024-07-23,1721692800.0,18765296.0
2024-07-24,1721779200.0,12490083.0
2024-07-25,1721865600.0,42780390.0
2024-07-26,1721952000.0,10371650.0
2024-07-27,1722038400.0,17231732.0
2024-07-28,1722124800.0,10127110.0
2024-07-29,1722211200.0,11838503.0
2024-07-30,1722297600.0,11066414.0
2024-07-31,1722384000.0,11469234.0
2024-08-01,1722470400.0,18505471.0
2024-08-02,1722556800.0,53417318.0
2024-08-03,1722643200.0,33868605.0
2024-08-04,1722729600.0,167199892.0
2024-08-05,1722816000.0,816555585.0
2024-08-06,1722902400.0,22226702.0
2024-08-07,1722988800.0,18553784.0
2024-08-08,1723075200.0,32619811.0
2024-08-09,1723161600.0,17858075.0
2024-08-10,1723248000.0,10689003.0
2024-08-11,1723334400.0,13199998.0
2024-08-12,1723420800.0,30106353.0
2024-08-13,1723507200.0,12534464.0
2024-08-14,1723593600.0,29807500.0
2024-08-15,1723680000.0,23457057.0
2024-08-16,1723766400.0,13830207.0
2024-08-17,1723852800.0,10008761.0
2024-08-18,1723939200.0,10817676.0
2024-08-19,1724025600.0,12102576.0
2024-08-20,1724112000.0,18755699.0
2024-08-21,1724198400.0,18509473.0
2024-08-22,1724284800.0,10688185.0
2024-08-23,1724371200.0,21720259.0
2024-08-24,1724457600.0,12468809.0
2024-08-25,1724544000.0,10210705.0
2024-08-26,1724630400.0,14378932.0
2024-08-27,1724716800.0,59085419.0
2024-08-28,1724803200.0,24642020.0
2024-08-29,1724889600.0,11157177.0
2024-08-30,1724976000.0,18453125.0
2024-08-31,1725062400.0,10610435.0
2024-09-01,1725148800.0,12878462.0
2024-09-02,1725235200.0,11489081.0
2024-09-03,1725321600.0,11947100.0
2024-09-04,1725408000.0,81044574.0
2024-09-05,1725494400.0,12310945.0
2024-09-06,1725580800.0,103731106.0
2024-09-07,1725667200.0,10271192.0
2024-09-08,1725753600.0,11565571.0
2024-09-09,1725840000.0,13908262.0
2024-09-10,1725926400.0,11808640.0
2024-09-11,1726012800.0,13012225.0
2024-09-12,1726099200.0,10932032.0
2024-09-13,1726185600.0,12244975.0
2024-09-14,1726272000.0,10651310.0
2024-09-15,1726358400.0,13596703.0
2024-09-16,1726444800.0,11249076.0
2024-09-17,1726531200.0,13745716.0
2024-09-18,1726617600.0,26440544.0
2024-09-19,1726704000.0,11943913.0
2024-09-20,1726790400.0,12444321.0
2024-09-21,1726876800.0,10428219.0
2024-09-22,1726963200.0,11411538.0
2024-09-23,1727049600.0,13640053.0
2024-09-24,1727136000.0,11479842.0
2024-09-25,1727222400.0,10555003.0
2024-09-26,1727308800.0,11705670.0
2024-09-27,1727395200.0,10801931.0
2024-09-28,1727481600.0,10034833.0
2024-09-29,1727568000.0,10016914.0
2024-09-30,1727654400.0,11672574.0
2024-10-01,1727740800.0,83385933.0
2024-10-02,1727827200.0,13491890.0
2024-10-03,1727913600.0,15838309.0
2024-10-04,1728000000.0,11090581.0
2024-10-05,1728086400.0,10159170.0
2024-10-06,1728172800.0,10020892.0
2024-10-07,1728259200.0,12527753.0
2024-10-08,1728345600.0,10247446.0
2024-10-09,1728432000.0,12810944.0
2024-10-10,1728518400.0,13030579.0
2024-10-11,1728604800.0,10109424.0
2024-10-12,1728691200.0,12422303.0
2024-10-13,1728777600.0,10167179.0
2024-10-14,1728864000.0,13450583.0
2024-10-15,1728950400.0,35388537.0
2024-10-16,1729036800.0,11561463.0
2024-10-17,1729123200.0,10503229.0
2024-10-18,1729209600.0,10149291.0
2024-10-19,1729296000.0,13863636.0
2024-10-20,1729382400.0,12752122.0
2024-10-21,1729468800.0,10798463.0
2024-10-22,1729555200.0,11455914.0
2024-10-23,1729641600.0,32570419.0
2024-10-24,1729728000.0,10194410.0
2024-10-25,1729814400.0,76928907.0
2024-10-26,1729900800.0,12573945.0
2024-10-27,1729987200.0,10735962.0
2024-10-28,1730073600.0,12504378.0
2024-10-29,1730160000.0,12866689.0
2024-10-30,1730246400.0,12303418.0
2024-10-31,1730332800.0,12868963.0
2024-11-01,1730419200.0,16444825.0
2024-11-02,1730505600.0,10081146.0
2024-11-03,1730592000.0,14443355.0
2024-11-04,1730678400.0,33554602.0
2024-11-05,1730764800.0,16280020.0
2024-11-06,1730851200.0,54754185.0
2024-11-07,1730937600.0,20154039.0
2024-11-08,1731024000.0,11798228.0
2024-11-09,1731110400.0,13494203.0
2024-11-10,1731196800.0,24559808.0
2024-11-11,1731283200.0,30861760.0
2024-11-12,1731369600.0,61856418.0
2024-11-13,1731456000.0,61272367.0
2024-11-14,1731542400.0,27726605.0
2024-11-15,1731628800.0,18461015.0
2024-11-16,1731715200.0,12257961.0
2024-11-17,1731801600.0,14569949.0
2024-11-18,1731888000.0,16066691.0
2024-11-19,1731974400.0,12069225.0
2024-11-20,1732060800.0,16782168.0
2024-11-21,1732147200.0,53887769.0
2024-11-22,1732233600.0,20240326.0
2024-11-23,1732320000.0,30934358.0
2024-11-24,1732406400.0,22136793.0
2024-11-25,1732492800.0,52040897.0
2024-11-26,1732579200.0,19723324.0
2024-11-27,1732665600.0,28660233.0
2024-11-28,1732752000.0,11124156.0
2024-11-29,1732838400.0,10343990.0
2024-11-30,1732924800.0,10827054.0
2024-12-01,1733011200.0,11077590.0
2024-12-02,1733097600.0,36813551.0
2024-12-03,1733184000.0,39873866.0
2024-12-04,1733270400.0,55466727.0
2024-12-05,1733356800.0,75167540.0
2024-12-06,1733443200.0,19420886.0
2024-12-07,1733529600.0,10001836.0
2024-12-08,1733616000.0,10051130.0
2024-12-09,1733702400.0,267717912.0
2024-12-10,1733788800.0,67851693.0
2024-12-11,1733875200.0,42153642.0
2024-12-12,1733961600.0,63291591.0
2024-12-13,1734048000.0,12473344.0
2024-12-14,1734134400.0,10968062.0
2024-12-15,1734220800.0,17682224.0
2024-12-16,1734307200.0,14461422.0
2024-12-17,1734393600.0,18469492.0
2024-12-18,1734480000.0,129905056.0
2024-12-19,1734566400.0,210140407.0
2024-12-20,1734652800.0,235335978.0
2024-12-21,1734739200.0,13113365.0
2024-12-22,1734825600.0,14027876.0
2024-12-23,1734912000.0,16039786.0
2024-12-24,1734998400.0,10526749.0
2024-12-25,1735084800.0,11140327.0
2024-12-26,1735171200.0,11601402.0
2024-12-27,1735257600.0,13281895.0
2024-12-28,1735344000.0,10169816.0
2024-12-29,1735430400.0,10147855.0
2024-12-30,1735516800.0,15280893.0
2024-12-31,1735603200.0,11237161.0
2025-01-01,1735689600.0,10011468.0
2025-01-02,1735776000.0,12562081.0
2025-01-03,1735862400.0,10912346.0
2025-01-04,1735948800.0,10842606.0
2025-01-05,1736035200.0,10046600.0
2025-01-06,1736121600.0,12555584.0
2025-01-07,1736208000.0,63504303.0
2025-01-08,1736294400.0,25499566.0
2025-01-09,1736380800.0,18826462.0
2025-01-10,1736467200.0,23869039.0
2025-01-11,1736553600.0,11091608.0
2025-01-12,1736640000.0,10018490.0
2025-01-13,1736726400.0,97515890.0
2025-01-14,1736812800.0,12761275.0
2025-01-15,1736899200.0,21736935.0
2025-01-16,1736985600.0,15049017.0
2025-01-17,1737072000.0,11799869.0
2025-01-18,1737158400.0,19990882.0
2025-01-19,1737244800.0,116839004.0
2025-01-20,1737331200.0,156317057.0
2025-01-21,1737417600.0,16045579.0
2025-01-22,1737504000.0,10341382.0
2025-01-23,1737590400.0,221199978.0
2025-01-24,1737676800.0,10761144.0
2025-01-25,1737763200.0,10007610.0
2025-01-26,1737849600.0,10959058.0
2025-01-27,1737936000.0,50955314.0
2025-01-28,1738022400.0,15412379.0
2025-01-29,1738108800.0,25170929.0
2025-01-30,1738195200.0,10338754.0
2025-01-31,1738281600.0,13080777.0
2025-02-01,1738368000.0,11944267.0
2025-02-02,1738454400.0,261529476.0
2025-02-03,1738540800.0,600245762.0
2025-02-04,1738627200.0,38831495.0
2025-02-05,1738713600.0,11464814.0
2025-02-06,1738800000.0,14213297.0
2025-02-07,1738886400.0,16036525.0
2025-02-08,1738972800.0,10072071.0
2025-02-09,1739059200.0,18748476.0
2025-02-10,1739145600.0,11546767.0
2025-02-11,1739232000.0,10995233.0
2025-02-12,1739318400.0,36757156.0
2025-02-13,1739404800.0,10851142.0
2025-02-14,1739491200.0,10653623.0
2025-02-15,1739577600.0,10168523.0
2025-02-16,1739664000.0,10272207.0
2025-02-17,1739750400.0,13237424.0
2025-02-18,1739836800.0,14551857.0
2025-02-19,1739923200.0,10464213.0
2025-02-20,1740009600.0,11263108.0
2025-02-21,1740096000.0,35807397.0
2025-02-22,1740182400.0,11049973.0
2025-02-23,1740268800.0,10931437.0
2025-02-24,1740355200.0,98391147.0
2025-02-25,1740441600.0,167724166.0
2025-02-26,1740528000.0,133506486.0
2025-02-27,1740614400.0,23049084.0
2025-02-28,1740700800.0,169026101.0
2025-03-01,1740787200.0,10652459.0
2025-03-02,1740873600.0,157434836.0
2025-03-03,1740960000.0,102816729.0
2025-03-04,1741046400.0,189276754.0
2025-03-05,1741132800.0,20793598.0
2025-03-06,1741219200.0,19640698.0
2025-03-07,1741305600.0,74713948.0
2025-03-08,1741392000.0,11041505.0
2025-03-09,1741478400.0,54183208.0
2025-03-10,1741564800.0,236426937.0
2025-03-11,1741651200.0,134101156.0
2025-03-12,1741737600.0,31947248.0
2025-03-13,1741824000.0,16006063.0
2025-03-14,1741910400.0,15891157.0
2025-03-15,1741996800.0,10049251.0
2025-03-16,1742083200.0,14419528.0
2025-03-17,1742169600.0,11429436.0
2025-03-18,1742256000.0,11758653.0
2025-03-19,1742342400.0,30167403.0
2025-03-20,1742428800.0,13083658.0
2025-03-21,1742515200.0,10607358.0
2025-03-22,1742601600.0,10049471.0
2025-03-23,1742688000.0,10083667.0
2025-03-24,1742774400.0,12647972.0
2025-03-25,1742860800.0,12245818.0
2025-03-26,1742947200.0,14972795.0
2025-03-27,1743033600.0,12276874.0
2025-03-28,1743120000.0,25229659.0
2025-03-29,1743206400.0,27968028.0
2025-03-30,1743292800.0,19169798.0
2025-03-31,1743379200.0,21012847.0
2025-04-01,1743465600.0,19234060.0
2025-04-02,1743552000.0,81583487.0
2025-04-03,1743638400.0,67093530.0
2025-04-04,1743724800.0,30601354.0
2025-04-05,1743811200.0,12242448.0
2025-04-06,1743897600.0,442645851.0
2025-04-07,1743984000.0,413460245.0
2025-04-08,1744070400.0,33963435.0
2025-04-09,1744156800.0,152155974.0
2025-04-10,1744243200.0,73321765.0
2025-04-11,1744329600.0,17449624.0
2025-04-12,1744416000.0,15818805.0
2025-04-13,1744502400.0,23260403.0
2025-04-14,1744588800.0,15982407.0
2025-04-15,1744675200.0,20668996.0
2025-04-16,1744761600.0,27230166.0
2025-04-17,1744848000.0,11486089.0
2025-04-18,1744934400.0,10020516.0
2025-04-19,1745020800.0,10759461.0
2025-04-20,1745107200.0,10555237.0
2025-04-21,1745193600.0,16850327.0
2025-04-22,1745280000.0,74215884.0
2025-04-23,1745366400.0,30493668.0
2025-04-24,1745452800.0,13741359.0
2025-04-25,1745539200.0,17329340.0
2025-04-26,1745625600.0,13974360.0
2025-04-27,1745712000.0,13682412.0
2025-04-28,1745798400.0,13290418.0
2025-04-29,1745884800.0,10993609.0
2025-04-30,1745971200.0,22150983.0
2025-05-01,1746057600.0,14977919.0
2025-05-02,1746144000.0,11607242.0
2025-05-03,1746230400.0,10291320.0
2025-05-04,1746316800.0,10138268.0
2025-05-05,1746403200.0,11499252.0
2025-05-06,1746489600.0,11997780.0
2025-05-07,1746576000.0,14978142.0
2025-05-08,1746662400.0,58495094.0
2025-05-09,1746748800.0,89304354.0
2025-05-10,1746835200.0,32802334.0
2025-05-11,1746921600.0,28713354.0
2025-05-12,1747008000.0,53086939.0
2025-05-13,1747094400.0,32275114.0
2025-05-14,1747180800.0,20009982.0
2025-05-15,1747267200.0,23036063.0
2025-05-16,1747353600.0,18980444.0
2025-05-17,1747440000.0,15003586.0
2025-05-18,1747526400.0,36705879.0
2025-05-19,1747612800.0,22553305.0
2025-05-20,1747699200.0,15594175.0
2025-05-21,1747785600.0,50549247.0
2025-05-22,1747872000.0,20804166.0
2025-05-23,1747958400.0,53830124.0
2025-05-24,1748044800.0,10971445.0
2025-05-25,1748131200.0,25777058.0
2025-05-26,1748217600.0,22599194.0
2025-05-27,1748304000.0,47599522.0
2025-05-28,1748390400.0,13823976.0
2025-05-29,1748476800.0,17496035.0
2025-05-30,1748563200.0,38293538.0
2025-05-31,1748649600.0,17094514.0
2025-06-01,1748736000.0,10658735.0
2025-06-02,1748822400.0,11877459.0
2025-06-03,1748908800.0,10772795.0
2025-06-04,1748995200.0,11291227.0
2025-06-05,1749081600.0,95362013.0
2025-06-06,1749168000.0,12775478.0
2025-06-07,1749254400.0,10531923.0
2025-06-08,1749340800.0,10214219.0
2025-06-09,1749427200.0,12139654.0
2025-06-10,1749513600.0,28747799.0
2025-06-11,1749600000.0,20422027.0
2025-06-12,1749686400.0,14363434.0
2025-06-13,1749772800.0,81017992.0
2025-06-14,1749859200.0,10175949.0
2025-06-15,1749945600.0,10705678.0
2025-06-16,1750032000.0,19682654.0
2025-06-17,1750118400.0,19937491.0
2025-06-18,1750204800.0,17529584.0
2025-06-19,1750291200.0,10519211.0
2025-06-20,1750377600.0,41616074.0
2025-06-21,1750464000.0,88677098.0
2025-06-22,1750550400.0,113301125.0
2025-06-23,1750636800.0,47654683.0
2025-06-24,1750723200.0,13009694.0
2025-06-25,1750809600.0,14793886.0
2025-06-26,1750896000.0,15791463.0
2025-06-27,1750982400.0,10681441.0
2025-06-28,1751068800.0,10030167.0
2025-06-29,1751155200.0,18604007.0
2025-06-30,1751241600.0,14877193.0
2025-07-01,1751328000.0,11871572.0
2025-07-02,1751414400.0,38939227.0
2025-07-03,1751500800.0,16886876.0
2025-07-04,1751587200.0,11947695.0
2025-07-05,1751673600.0,10381423.0
2025-07-06,1751760000.0,12050765.0
2025-07-07,1751846400.0,12064322.0
2025-07-08,1751932800.0,11483949.0
2025-07-09,1752019200.0,42556146.0
2025-07-10,1752105600.0,52815817.0
2025-07-11,1752192000.0,22192893.0
2025-07-12,1752278400.0,10995668.0
2025-07-13,1752364800.0,12178322.0
2025-07-14,1752451200.0,16780387.0
2025-07-15,1752537600.0,25446413.0
2025-07-16,1752624000.0,25840817.0
2025-07-17,1752710400.0,25538106.0
2025-07-18,1752796800.0,55036087.0
2025-07-19,1752883200.0,11523324.0
2025-07-20,1752969600.0,18434981.0
2025-07-21,1753056000.0,16556688.0
2025-07-22,1753142400.0,19151553.0
2025-07-23,1753228800.0,38614741.0
2025-07-24,1753315200.0,20816944.0
2025-07-25,1753401600.0,19937041.0
2025-07-26,1753488000.0,10518007.0
2025-07-27,1753574400.0,10879083.0
2025-07-28,1753660800.0,18421009.0
2025-07-29,1753747200.0,14793065.0
2025-07-30,1753833600.0,19924936.0
2025-07-31,1753920000.0,12578214.0
2025-08-01,1754006400.0,39725065.0
2025-08-02,1754092800.0,17125669.0
