"Date(UTC)","UnixTimeStamp","Value (Wei)"
"1/14/2021","1610582400","0"
"1/15/2021","1610668800","0"
"1/16/2021","1610755200","0"
"1/17/2021","1610841600","0"
"1/18/2021","1610928000","0"
"1/19/2021","1611014400","0"
"1/20/2021","1611100800","0"
"1/21/2021","1611187200","0"
"1/22/2021","1611273600","0"
"1/23/2021","1611360000","0"
"1/24/2021","1611446400","0"
"1/25/2021","1611532800","0"
"1/26/2021","1611619200","0"
"1/27/2021","1611705600","0"
"1/28/2021","1611792000","0"
"1/29/2021","1611878400","0"
"1/30/2021","1611964800","0"
"1/31/2021","1612051200","0"
"2/1/2021","1612137600","0"
"2/2/2021","1612224000","0"
"2/3/2021","1612310400","0"
"2/4/2021","1612396800","0"
"2/5/2021","1612483200","0"
"2/6/2021","1612569600","0"
"2/7/2021","1612656000","0"
"2/8/2021","1612742400","0"
"2/9/2021","1612828800","0"
"2/10/2021","1612915200","0"
"2/11/2021","1613001600","0"
"2/12/2021","1613088000","0"
"2/13/2021","1613174400","0"
"2/14/2021","1613260800","0"
"2/15/2021","1613347200","0"
"2/16/2021","1613433600","0"
"2/17/2021","1613520000","0"
"2/18/2021","1613606400","0"
"2/19/2021","1613692800","0"
"2/20/2021","1613779200","0"
"2/21/2021","1613865600","0"
"2/22/2021","1613952000","0"
"2/23/2021","1614038400","0"
"2/24/2021","1614124800","0"
"2/25/2021","1614211200","0"
"2/26/2021","1614297600","0"
"2/27/2021","1614384000","0"
"2/28/2021","1614470400","0"
"3/1/2021","1614556800","0"
"3/2/2021","1614643200","0"
"3/3/2021","1614729600","0"
"3/4/2021","1614816000","0"
"3/5/2021","1614902400","0"
"3/6/2021","1614988800","0"
"3/7/2021","1615075200","0"
"3/8/2021","1615161600","0"
"3/9/2021","1615248000","0"
"3/10/2021","1615334400","0"
"3/11/2021","1615420800","0"
"3/12/2021","1615507200","0"
"3/13/2021","1615593600","0"
"3/14/2021","1615680000","0"
"3/15/2021","1615766400","0"
"3/16/2021","1615852800","0"
"3/17/2021","1615939200","0"
"3/18/2021","1616025600","0"
"3/19/2021","1616112000","0"
"3/20/2021","1616198400","0"
"3/21/2021","1616284800","0"
"3/22/2021","1616371200","0"
"3/23/2021","1616457600","0"
"3/24/2021","1616544000","0"
"3/25/2021","1616630400","0"
"3/26/2021","1616716800","0"
"3/27/2021","1616803200","0"
"3/28/2021","1616889600","0"
"3/29/2021","1616976000","0"
"3/30/2021","1617062400","0"
"3/31/2021","1617148800","0"
"4/1/2021","1617235200","0"
"4/2/2021","1617321600","0"
"4/3/2021","1617408000","0"
"4/4/2021","1617494400","0"
"4/5/2021","1617580800","0"
"4/6/2021","1617667200","0"
"4/7/2021","1617753600","0"
"4/8/2021","1617840000","0"
"4/9/2021","1617926400","0"
"4/10/2021","1618012800","0"
"4/11/2021","1618099200","0"
"4/12/2021","1618185600","0"
"4/13/2021","1618272000","0"
"4/14/2021","1618358400","0"
"4/15/2021","1618444800","0"
"4/16/2021","1618531200","0"
"4/17/2021","1618617600","0"
"4/18/2021","1618704000","0"
"4/19/2021","1618790400","0"
"4/20/2021","1618876800","0"
"4/21/2021","1618963200","0"
"4/22/2021","1619049600","0"
"4/23/2021","1619136000","0"
"4/24/2021","1619222400","0"
"4/25/2021","1619308800","0"
"4/26/2021","1619395200","0"
"4/27/2021","1619481600","0"
"4/28/2021","1619568000","0"
"4/29/2021","1619654400","0"
"4/30/2021","1619740800","0"
"5/1/2021","1619827200","0"
"5/2/2021","1619913600","0"
"5/3/2021","1620000000","0"
"5/4/2021","1620086400","0"
"5/5/2021","1620172800","0"
"5/6/2021","1620259200","0"
"5/7/2021","1620345600","0"
"5/8/2021","1620432000","0"
"5/9/2021","1620518400","0"
"5/10/2021","1620604800","0"
"5/11/2021","1620691200","0"
"5/12/2021","1620777600","0"
"5/13/2021","1620864000","0"
"5/14/2021","1620950400","0"
"5/15/2021","1621036800","0"
"5/16/2021","1621123200","0"
"5/17/2021","1621209600","0"
"5/18/2021","1621296000","0"
"5/19/2021","1621382400","0"
"5/20/2021","1621468800","0"
"5/21/2021","1621555200","0"
"5/22/2021","1621641600","0"
"5/23/2021","1621728000","0"
"5/24/2021","1621814400","0"
"5/25/2021","1621900800","0"
"5/26/2021","1621987200","0"
"5/27/2021","1622073600","0"
"5/28/2021","1622160000","0"
"5/29/2021","1622246400","0"
"5/30/2021","1622332800","0"
"5/31/2021","1622419200","0"
"6/1/2021","1622505600","0"
"6/2/2021","1622592000","0"
"6/3/2021","1622678400","0"
"6/4/2021","1622764800","0"
"6/5/2021","1622851200","0"
"6/6/2021","1622937600","0"
"6/7/2021","1623024000","0"
"6/8/2021","1623110400","0"
"6/9/2021","1623196800","0"
"6/10/2021","1623283200","0"
"6/11/2021","1623369600","0"
"6/12/2021","1623456000","0"
"6/13/2021","1623542400","0"
"6/14/2021","1623628800","0"
"6/15/2021","1623715200","0"
"6/16/2021","1623801600","0"
"6/17/2021","1623888000","0"
"6/18/2021","1623974400","0"
"6/19/2021","1624060800","0"
"6/20/2021","1624147200","0"
"6/21/2021","1624233600","0"
"6/22/2021","1624320000","0"
"6/23/2021","1624406400","0"
"6/24/2021","1624492800","0"
"6/25/2021","1624579200","0"
"6/26/2021","1624665600","0"
"6/27/2021","1624752000","0"
"6/28/2021","1624838400","0"
"6/29/2021","1624924800","0"
"6/30/2021","1625011200","0"
"7/1/2021","1625097600","0"
"7/2/2021","1625184000","0"
"7/3/2021","1625270400","0"
"7/4/2021","1625356800","0"
"7/5/2021","1625443200","0"
"7/6/2021","1625529600","0"
"7/7/2021","1625616000","0"
"7/8/2021","1625702400","0"
"7/9/2021","1625788800","0"
"7/10/2021","1625875200","0"
"7/11/2021","1625961600","0"
"7/12/2021","1626048000","0"
"7/13/2021","1626134400","0"
"7/14/2021","1626220800","0"
"7/15/2021","1626307200","0"
"7/16/2021","1626393600","0"
"7/17/2021","1626480000","0"
"7/18/2021","1626566400","0"
"7/19/2021","1626652800","0"
"7/20/2021","1626739200","0"
"7/21/2021","1626825600","0"
"7/22/2021","1626912000","0"
"7/23/2021","1626998400","0"
"7/24/2021","1627084800","0"
"7/25/2021","1627171200","0"
"7/26/2021","1627257600","0"
"7/27/2021","1627344000","0"
"7/28/2021","1627430400","0"
"7/29/2021","1627516800","0"
"7/30/2021","1627603200","0"
"7/31/2021","1627689600","0"
"8/1/2021","1627776000","0"
"8/2/2021","1627862400","0"
"8/3/2021","1627948800","0"
"8/4/2021","1628035200","0"
"8/5/2021","1628121600","0"
"8/6/2021","1628208000","0"
"8/7/2021","1628294400","0"
"8/8/2021","1628380800","0"
"8/9/2021","1628467200","0"
"8/10/2021","1628553600","0"
"8/11/2021","1628640000","0"
"8/12/2021","1628726400","0"
"8/13/2021","1628812800","0"
"8/14/2021","1628899200","0"
"8/15/2021","1628985600","0"
"8/16/2021","1629072000","0"
"8/17/2021","1629158400","0"
"8/18/2021","1629244800","0"
"8/19/2021","1629331200","0"
"8/20/2021","1629417600","0"
"8/21/2021","1629504000","0"
"8/22/2021","1629590400","0"
"8/23/2021","1629676800","0"
"8/24/2021","1629763200","0"
"8/25/2021","1629849600","0"
"8/26/2021","1629936000","0"
"8/27/2021","1630022400","0"
"8/28/2021","1630108800","0"
"8/29/2021","1630195200","0"
"8/30/2021","1630281600","0"
"8/31/2021","1630368000","0"
"9/1/2021","1630454400","0"
"9/2/2021","1630540800","0"
"9/3/2021","1630627200","0"
"9/4/2021","1630713600","0"
"9/5/2021","1630800000","0"
"9/6/2021","1630886400","0"
"9/7/2021","1630972800","0"
"9/8/2021","1631059200","0"
"9/9/2021","1631145600","0"
"9/10/2021","1631232000","0"
"9/11/2021","1631318400","0"
"9/12/2021","1631404800","0"
"9/13/2021","1631491200","0"
"9/14/2021","1631577600","0"
"9/15/2021","1631664000","0"
"9/16/2021","1631750400","0"
"9/17/2021","1631836800","0"
"9/18/2021","1631923200","0"
"9/19/2021","1632009600","0"
"9/20/2021","1632096000","0"
"9/21/2021","1632182400","0"
"9/22/2021","1632268800","0"
"9/23/2021","1632355200","0"
"9/24/2021","1632441600","0"
"9/25/2021","1632528000","0"
"9/26/2021","1632614400","0"
"9/27/2021","1632700800","0"
"9/28/2021","1632787200","0"
"9/29/2021","1632873600","0"
"9/30/2021","1632960000","0"
"10/1/2021","1633046400","0"
"10/2/2021","1633132800","0"
"10/3/2021","1633219200","0"
"10/4/2021","1633305600","0"
"10/5/2021","1633392000","0"
"10/6/2021","1633478400","0"
"10/7/2021","1633564800","0"
"10/8/2021","1633651200","0"
"10/9/2021","1633737600","0"
"10/10/2021","1633824000","0"
"10/11/2021","1633910400","0"
"10/12/2021","1633996800","0"
"10/13/2021","1634083200","0"
"10/14/2021","1634169600","0"
"10/15/2021","1634256000","0"
"10/16/2021","1634342400","0"
"10/17/2021","1634428800","0"
"10/18/2021","1634515200","0"
"10/19/2021","1634601600","0"
"10/20/2021","1634688000","0"
"10/21/2021","1634774400","0"
"10/22/2021","1634860800","0"
"10/23/2021","1634947200","0"
"10/24/2021","1635033600","0"
"10/25/2021","1635120000","0"
"10/26/2021","1635206400","0"
"10/27/2021","1635292800","0"
"10/28/2021","1635379200","0"
"10/29/2021","1635465600","0"
"10/30/2021","1635552000","0"
"10/31/2021","1635638400","0"
"11/1/2021","1635724800","0"
"11/2/2021","1635811200","0"
"11/3/2021","1635897600","0"
"11/4/2021","1635984000","0"
"11/5/2021","1636070400","0"
"11/6/2021","1636156800","0"
"11/7/2021","1636243200","0"
"11/8/2021","1636329600","0"
"11/9/2021","1636416000","0"
"11/10/2021","1636502400","0"
"11/11/2021","1636588800","980180"
"11/12/2021","1636675200","1000144"
"11/13/2021","1636761600","1000882"
"11/14/2021","1636848000","1004672"
"11/15/2021","1636934400","1008805"
"11/16/2021","1637020800","1017531"
"11/17/2021","1637107200","1027613"
"11/18/2021","1637193600","1037979"
"11/19/2021","1637280000","1018683"
"11/20/2021","1637366400","1000970"
"11/21/2021","1637452800","1000713"
"11/22/2021","1637539200","1006641"
"11/23/2021","1637625600","1006356"
"11/24/2021","1637712000","1001360"
"11/25/2021","1637798400","1001477"
"11/26/2021","1637884800","1031707"
"11/27/2021","1637971200","1002508"
"11/28/2021","1638057600","1003769"
"11/29/2021","1638144000","1004066"
"11/30/2021","1638230400","1003020"
"12/1/2021","1638316800","1002970"
"12/2/2021","1638403200","1004307"
"12/3/2021","1638489600","1005910"
"12/4/2021","1638576000","1289863"
"12/5/2021","1638662400","1002007"
"12/6/2021","1638748800","1033444"
"12/7/2021","1638835200","1041887"
"12/8/2021","1638921600","1018524"
"12/9/2021","1639008000","1004058"
"12/10/2021","1639094400","7657122"
"12/11/2021","1639180800","4269138"
"12/12/2021","1639267200","5971842"
"12/13/2021","1639353600","9386866"
"12/14/2021","1639440000","12665657"
"12/15/2021","1639526400","35313168"
"12/16/2021","1639612800","80867438"
"12/17/2021","1639699200","49273309"
"12/18/2021","1639785600","40795336"
"12/19/2021","1639872000","50889356"
"12/20/2021","1639958400","37799007"
"12/21/2021","1640044800","110011044"
"12/22/2021","1640131200","49899900"
"12/23/2021","1640217600","28739129"
"12/24/2021","1640304000","40163345"
"12/25/2021","1640390400","57817437"
"12/26/2021","1640476800","40346543"
"12/27/2021","1640563200","48619899"
"12/28/2021","1640649600","60674860"
"12/29/2021","1640736000","76096646"
"12/30/2021","1640822400","34938234"
"12/31/2021","1640908800","46660634"
"1/1/2022","1640995200","32181562"
"1/2/2022","1641081600","87010671"
"1/3/2022","1641168000","107749966"
"1/4/2022","1641254400","28185174"
"1/5/2022","1641340800","63154633"
"1/6/2022","1641427200","28736171"
"1/7/2022","1641513600","32989224"
"1/8/2022","1641600000","9089092"
"1/9/2022","1641686400","8151708"
"1/10/2022","1641772800","6202504"
"1/11/2022","1641859200","9495187"
"1/12/2022","1641945600","13414265"
"1/13/2022","1642032000","40313074"
"1/14/2022","1642118400","17689234"
"1/15/2022","1642204800","20690260"
"1/16/2022","1642291200","21784178"
"1/17/2022","1642377600","16147231"
"1/18/2022","1642464000","14544636"
"1/19/2022","1642550400","31431228"
"1/20/2022","1642636800","26921866"
"1/21/2022","1642723200","13568149"
"1/22/2022","1642809600","5259710"
"1/23/2022","1642896000","14599707"
"1/24/2022","1642982400","13711846"
"1/25/2022","1643068800","10416069"
"1/26/2022","1643155200","8391607"
"1/27/2022","1643241600","8842602"
"1/28/2022","1643328000","6240598"
"1/29/2022","1643414400","4013467"
"1/30/2022","1643500800","6845360"
"1/31/2022","1643587200","6024150"
"2/1/2022","1643673600","15985783"
"2/2/2022","1643760000","14556927"
"2/3/2022","1643846400","15099169"
"2/4/2022","1643932800","9907091"
"2/5/2022","1644019200","16055941"
"2/6/2022","1644105600","11354285"
"2/7/2022","1644192000","15195679"
"2/8/2022","1644278400","11016144"
"2/9/2022","1644364800","13060057"
"2/10/2022","1644451200","10365197"
"2/11/2022","1644537600","8992974"
"2/12/2022","1644624000","9402425"
"2/13/2022","1644710400","11524379"
"2/14/2022","1644796800","74553350"
"2/15/2022","1644883200","7284146"
"2/16/2022","1644969600","6156736"
"2/17/2022","1645056000","6531380"
"2/18/2022","1645142400","16853831"
"2/19/2022","1645228800","21079658"
"2/20/2022","1645315200","17744741"
"2/21/2022","1645401600","8227964"
"2/22/2022","1645488000","3765365"
"2/23/2022","1645574400","4928242"
"2/24/2022","1645660800","3133141"
"2/25/2022","1645747200","4106171"
"2/26/2022","1645833600","4053173"
"2/27/2022","1645920000","4716451"
"2/28/2022","1646006400","6481021"
"3/1/2022","1646092800","6010336"
"3/2/2022","1646179200","9482752"
"3/3/2022","1646265600","6777542"
"3/4/2022","1646352000","5113360"
"3/5/2022","1646438400","9397891"
"3/6/2022","1646524800","8623628"
"3/7/2022","1646611200","8059753"
"3/8/2022","1646697600","22214163"
"3/9/2022","1646784000","3718999"
"3/10/2022","1646870400","5066349"
"3/11/2022","1646956800","968016704"
"3/12/2022","1647043200","12457624"
"3/13/2022","1647129600","7607523"
"3/14/2022","1647216000","10960796"
"3/15/2022","1647302400","13678764"
"3/16/2022","1647388800","21994973"
"3/17/2022","1647475200","6966919"
"3/18/2022","1647561600","7021263"
"3/19/2022","1647648000","25810513"
"3/20/2022","1647734400","32335656"
"3/21/2022","1647820800","16167460"
"3/22/2022","1647907200","36019683"
"3/23/2022","1647993600","38147356"
"3/24/2022","1648080000","54873984"
"3/25/2022","1648166400","20438029"
"3/26/2022","1648252800","24421461"
"3/27/2022","1648339200","21076253"
"3/28/2022","1648425600","36960858"
"3/29/2022","1648512000","22814906"
"3/30/2022","1648598400","11259250"
"3/31/2022","1648684800","12008055"
"4/1/2022","1648771200","7883111"
"4/2/2022","1648857600","20971215"
"4/3/2022","1648944000","12420679"
"4/4/2022","1649030400","6950153"
"4/5/2022","1649116800","9439361"
"4/6/2022","1649203200","4264944"
"4/7/2022","1649289600","9094788"
"4/8/2022","1649376000","6696941"
"4/9/2022","1649462400","8861657"
"4/10/2022","1649548800","10121018"
"4/11/2022","1649635200","7573729"
"4/12/2022","1649721600","15342512"
"4/13/2022","1649808000","23432617"
"4/14/2022","1649894400","31297782"
"4/15/2022","1649980800","17285603"
"4/16/2022","1650067200","19615469"
"4/17/2022","1650153600","31482816"
"4/18/2022","1650240000","26394956"
"4/19/2022","1650326400","16831147"
"4/20/2022","1650412800","22643220"
"4/21/2022","1650499200","17158695"
"4/22/2022","1650585600","12812586"
"4/23/2022","1650672000","16780884"
"4/24/2022","1650758400","27927636"
"4/25/2022","1650844800","18076141"
"4/26/2022","1650931200","18742851"
"4/27/2022","1651017600","17706985"
"4/28/2022","1651104000","14179690"
"4/29/2022","1651190400","37479115"
"4/30/2022","1651276800","19147325"
"5/1/2022","1651363200","8313966"
"5/2/2022","1651449600","9939003"
"5/3/2022","1651536000","6054491"
"5/4/2022","1651622400","15738285"
"5/5/2022","1651708800","6198962"
"5/6/2022","1651795200","6125919"
"5/7/2022","1651881600","15179970"
"5/8/2022","1651968000","7983812"
"5/9/2022","1652054400","9631112"
"5/10/2022","1652140800","5112264"
"5/11/2022","1652227200","8278195"
"5/12/2022","1652313600","5763041"
"5/13/2022","1652400000","3813529"
"5/14/2022","1652486400","6021972"
"5/15/2022","1652572800","10926293"
"5/16/2022","1652659200","10654261"
"5/17/2022","1652745600","11220107"
"5/18/2022","1652832000","17443449"
"5/19/2022","1652918400","14682694"
"5/20/2022","1653004800","10971698"
"5/21/2022","1653091200","21781796"
"5/22/2022","1653177600","11948914"
"5/23/2022","1653264000","13080570"
"5/24/2022","1653350400","33025270"
"5/25/2022","1653436800","19661616"
"5/26/2022","1653523200","16762400"
"5/27/2022","1653609600","22924827"
"5/28/2022","1653696000","9843938"
"5/29/2022","1653782400","12149624"
"5/30/2022","1653868800","8083911"
"5/31/2022","1653955200","105240590"
"6/1/2022","1654041600","50271978"
"6/2/2022","1654128000","50439611"
"6/3/2022","1654214400","26386754"
"6/4/2022","1654300800","19194803"
"6/5/2022","1654387200","22291229"
"6/6/2022","1654473600","55135055"
"6/7/2022","1654560000","58628549"
"6/8/2022","1654646400","20341292"
"6/9/2022","1654732800","53577909"
"6/10/2022","1654819200","18811462"
"6/11/2022","1654905600","22985014"
"6/12/2022","1654992000","12415002"
"6/13/2022","1655078400","14070430"
"6/14/2022","1655164800","18339669"
"6/15/2022","1655251200","10823071"
"6/16/2022","1655337600","10549583"
"6/17/2022","1655424000","14536742"
"6/18/2022","1655510400","14463330"
"6/19/2022","1655596800","13563903"
"6/20/2022","1655683200","10305697"
"6/21/2022","1655769600","17997792"
"6/22/2022","1655856000","23191499"
"6/23/2022","1655942400","27118071"
"6/24/2022","1656028800","44195351"
"6/25/2022","1656115200","52977327"
"6/26/2022","1656201600","49129059"
"6/27/2022","1656288000","103620333"
"6/28/2022","1656374400","14626376"
"6/29/2022","1656460800","13419347"
"6/30/2022","1656547200","13763874"
"7/1/2022","1656633600","10989492"
"7/2/2022","1656720000","24729754"
"7/3/2022","1656806400","17366848"
"7/4/2022","1656892800","14194408"
"7/5/2022","1656979200","12566378"
"7/6/2022","1657065600","15319230"
"7/7/2022","1657152000","15140847"
"7/8/2022","1657238400","12814549"
"7/9/2022","1657324800","12977573"
"7/10/2022","1657411200","14824665"
"7/11/2022","1657497600","11833336"
"7/12/2022","1657584000","25548647"
"7/13/2022","1657670400","21901211"
"7/14/2022","1657756800","12050243"
"7/15/2022","1657843200","8153598"
"7/16/2022","1657929600","12964775"
"7/17/2022","1658016000","11578998"
"7/18/2022","1658102400","14501017"
"7/19/2022","1658188800","16871841"
"7/20/2022","1658275200","9579806"
"7/21/2022","1658361600","12687011"
"7/22/2022","1658448000","13196414"
"7/23/2022","1658534400","14771019"
"7/24/2022","1658620800","10735213"
"7/25/2022","1658707200","13034616"
"7/26/2022","1658793600","27171331"
"7/27/2022","1658880000","14013036"
"7/28/2022","1658966400","9739824"
"7/29/2022","1659052800","11279510"
"7/30/2022","1659139200","10917009"
"7/31/2022","1659225600","9525806"
"8/1/2022","1659312000","15079460"
"8/2/2022","1659398400","11741885"
"8/3/2022","1659484800","14915601"
"8/4/2022","1659571200","15653088"
"8/5/2022","1659657600","15593361"
"8/6/2022","1659744000","14751798"
"8/7/2022","1659830400","9364679"
"8/8/2022","1659916800","9054452"
"8/9/2022","1660003200","10985916"
"8/10/2022","1660089600","10506870"
"8/11/2022","1660176000","9895607"
"8/12/2022","1660262400","9102235"
"8/13/2022","1660348800","8720851"
"8/14/2022","1660435200","9658465"
"8/15/2022","1660521600","7386045"
"8/16/2022","1660608000","20882347"
"8/17/2022","1660694400","10222581"
"8/18/2022","1660780800","7331271"
"8/19/2022","1660867200","6398919"
"8/20/2022","1660953600","6947468"
"8/21/2022","1661040000","5171016"
"8/22/2022","1661126400","5914153"
"8/23/2022","1661212800","5133848"
"8/24/2022","1661299200","4969080"
"8/25/2022","1661385600","14256362"
"8/26/2022","1661472000","5690572"
"8/27/2022","1661558400","6785119"
"8/28/2022","1661644800","5789178"
"8/29/2022","1661731200","4596992"
"8/30/2022","1661817600","8554748"
"8/31/2022","1661904000","8627320"
"9/1/2022","1661990400","8698224"
"9/2/2022","1662076800","6465752"
"9/3/2022","1662163200","6052138"
"9/4/2022","1662249600","5336423"
"9/5/2022","1662336000","5985298"
"9/6/2022","1662422400","12718228"
"9/7/2022","1662508800","4695077"
"9/8/2022","1662595200","4365812"
"9/9/2022","1662681600","4570968"
"9/10/2022","1662768000","4282951"
"9/11/2022","1662854400","4991964"
"9/12/2022","1662940800","11553214"
"9/13/2022","1663027200","5448883"
"9/14/2022","1663113600","6863695"
"9/15/2022","1663200000","4765135"
"9/16/2022","1663286400","3869165"
"9/17/2022","1663372800","4457174"
"9/18/2022","1663459200","3139796"
"9/19/2022","1663545600","5403897"
"9/20/2022","1663632000","5041205"
"9/21/2022","1663718400","3502544"
"9/22/2022","1663804800","3195339"
"9/23/2022","1663891200","3566380"
"9/24/2022","1663977600","3461323"
"9/25/2022","1664064000","3840195"
"9/26/2022","1664150400","4245804"
"9/27/2022","1664236800","4131488"
"9/28/2022","1664323200","9959345"
"9/29/2022","1664409600","4706905"
"9/30/2022","1664496000","5105658"
"10/1/2022","1664582400","12071681"
"10/2/2022","1664668800","6819691"
"10/3/2022","1664755200","4250468"
"10/4/2022","1664841600","5048141"
"10/5/2022","1664928000","4214232"
"10/6/2022","1665014400","13371598"
"10/7/2022","1665100800","4498466"
"10/8/2022","1665187200","3917863"
"10/9/2022","1665273600","4008924"
"10/10/2022","1665360000","5445010"
"10/11/2022","1665446400","7111355"
"10/12/2022","1665532800","8601504"
"10/13/2022","1665619200","6800462"
"10/14/2022","1665705600","6563291"
"10/15/2022","1665792000","6190990"
"10/16/2022","1665878400","6434248"
"10/17/2022","1665964800","6212636"
"10/18/2022","1666051200","10748658"
"10/19/2022","1666137600","8293862"
"10/20/2022","1666224000","10492339"
"10/21/2022","1666310400","7962493"
"10/22/2022","1666396800","7583298"
"10/23/2022","1666483200","5945509"
"10/24/2022","1666569600","6847320"
"10/25/2022","1666656000","7924947"
"10/26/2022","1666742400","5994665"
"10/27/2022","1666828800","5528137"
"10/28/2022","1666915200","6568737"
"10/29/2022","1667001600","5310798"
"10/30/2022","1667088000","4612294"
"10/31/2022","1667174400","6049089"
"11/1/2022","1667260800","7712064"
"11/2/2022","1667347200","4654820"
"11/3/2022","1667433600","4255834"
"11/4/2022","1667520000","5282570"
"11/5/2022","1667606400","4575574"
"11/6/2022","1667692800","3395335"
"11/7/2022","1667779200","4343971"
"11/8/2022","1667865600","5083232"
"11/9/2022","1667952000","8620076"
"11/10/2022","1668038400","11410101"
"11/11/2022","1668124800","6538981"
"11/12/2022","1668211200","8267285"
"11/13/2022","1668297600","8916970"
"11/14/2022","1668384000","7481554"
"11/15/2022","1668470400","6859355"
"11/16/2022","1668556800","12702924"
"11/17/2022","1668643200","9081434"
"11/18/2022","1668729600","5697867"
"11/19/2022","1668816000","4084726"
"11/20/2022","1668902400","4022308"
"11/21/2022","1668988800","6295163"
"11/22/2022","1669075200","4418526"
"11/23/2022","1669161600","5033621"
"11/24/2022","1669248000","3839122"
"11/25/2022","1669334400","4545083"
"11/26/2022","1669420800","5378547"
"11/27/2022","1669507200","4324143"
"11/28/2022","1669593600","8911780"
"11/29/2022","1669680000","4863228"
"11/30/2022","1669766400","5354587"
"12/1/2022","1669852800","5249579"
"12/2/2022","1669939200","5250769"
"12/3/2022","1670025600","4199088"
"12/4/2022","1670112000","5128791"
"12/5/2022","1670198400","4345572"
"12/6/2022","1670284800","3427099"
"12/7/2022","1670371200","5480007"
"12/8/2022","1670457600","3623670"
"12/9/2022","1670544000","3964904"
"12/10/2022","1670630400","3246473"
"12/11/2022","1670716800","5172959"
"12/12/2022","1670803200","3605282"
"12/13/2022","1670889600","5345818"
"12/14/2022","1670976000","5871962"
"12/15/2022","1671062400","8188390"
"12/16/2022","1671148800","5356332"
"12/17/2022","1671235200","3337648"
"12/18/2022","1671321600","3725172"
"12/19/2022","1671408000","3840801"
"12/20/2022","1671494400","6704798"
"12/21/2022","1671580800","4191817"
"12/22/2022","1671667200","4300630"
"12/23/2022","1671753600","3378693"
"12/24/2022","1671840000","5799599"
"12/25/2022","1671926400","6368650"
"12/26/2022","1672012800","3939062"
"12/27/2022","1672099200","3364573"
"12/28/2022","1672185600","2952633"
"12/29/2022","1672272000","10623567"
"12/30/2022","1672358400","3181380"
"12/31/2022","1672444800","3948395"
"1/1/2023","1672531200","3301156"
"1/2/2023","1672617600","6892090"
"1/3/2023","1672704000","7877530"
"1/4/2023","1672790400","4060788"
"1/5/2023","1672876800","7118343"
"1/6/2023","1672963200","6080899"
"1/7/2023","1673049600","3270093"
"1/8/2023","1673136000","2937555"
"1/9/2023","1673222400","6000761"
"1/10/2023","1673308800","8916322"
"1/11/2023","1673395200","9577560"
"1/12/2023","1673481600","4572161"
"1/13/2023","1673568000","3942686"
"1/14/2023","1673654400","5218462"
"1/15/2023","1673740800","5647823"
"1/16/2023","1673827200","4322240"
"1/17/2023","1673913600","10078224"
"1/18/2023","1674000000","49460773"
"1/19/2023","1674086400","7205924"
"1/20/2023","1674172800","9524565"
"1/21/2023","1674259200","10170119"
"1/22/2023","1674345600","9199830"
"1/23/2023","1674432000","8830924"
"1/24/2023","1674518400","9436724"
"1/25/2023","1674604800","12532123"
"1/26/2023","1674691200","8507101"
"1/27/2023","1674777600","9152283"
"1/28/2023","1674864000","8992019"
"1/29/2023","1674950400","10949701"
"1/30/2023","1675036800","9055756"
"1/31/2023","1675123200","8437204"
"2/1/2023","1675209600","14617638"
"2/2/2023","1675296000","13351862"
"2/3/2023","1675382400","17365657"
"2/4/2023","1675468800","13883065"
"2/5/2023","1675555200","13521055"
"2/6/2023","1675641600","14293747"
"2/7/2023","1675728000","48451845"
"2/8/2023","1675814400","37048378"
"2/9/2023","1675900800","15467850"
"2/10/2023","1675987200","14654650"
"2/11/2023","1676073600","17232445"
"2/12/2023","1676160000","12517916"
"2/13/2023","1676246400","16779798"
"2/14/2023","1676332800","19588080"
"2/15/2023","1676419200","14695797"
"2/16/2023","1676505600","14630703"
"2/17/2023","1676592000","15167786"
"2/18/2023","1676678400","12496393"
"2/19/2023","1676764800","12558719"
"2/20/2023","1676851200","16989054"
"2/21/2023","1676937600","29461147"
"2/22/2023","1677024000","12239390"
"2/23/2023","1677110400","24987942"
"2/24/2023","1677196800","32826816"
"2/25/2023","1677283200","17625929"
"2/26/2023","1677369600","16315159"
"2/27/2023","1677456000","17141096"
"2/28/2023","1677542400","20517820"
"3/1/2023","1677628800","19402549"
"3/2/2023","1677715200","37077111"
"3/3/2023","1677801600","23907136"
"3/4/2023","1677888000","16497423"
"3/5/2023","1677974400","15495088"
"3/6/2023","1678060800","16516674"
"3/7/2023","1678147200","15285238"
"3/8/2023","1678233600","8414725"
"3/9/2023","1678320000","10097888"
"3/10/2023","1678406400","12551242"
"3/11/2023","1678492800","21397129"
"3/12/2023","1678579200","32072120"
"3/13/2023","1678665600","16441609"
"3/14/2023","1678752000","18122641"
"3/15/2023","1678838400","10457459"
"3/16/2023","1678924800","10296070"
"3/17/2023","1679011200","11242061"
"3/18/2023","1679097600","9062291"
"3/19/2023","1679184000","8131922"
"3/20/2023","1679270400","8708368"
"3/21/2023","1679356800","7719444"
"3/22/2023","1679443200","7872196"
"3/23/2023","1679529600","14874979"
"3/24/2023","1679616000","10345034"
"3/25/2023","1679702400","6195208"
"3/26/2023","1679788800","9464408"
"3/27/2023","1679875200","8653334"
"3/28/2023","1679961600","5586856"
"3/29/2023","1680048000","8703727"
"3/30/2023","1680134400","7181194"
"3/31/2023","1680220800","6679469"
"4/1/2023","1680307200","7076633"
"4/2/2023","1680393600","8916981"
"4/3/2023","1680480000","17338045"
"4/4/2023","1680566400","6909329"
"4/5/2023","1680652800","5905992"
"4/6/2023","1680739200","4340179"
"4/7/2023","1680825600","7350871"
"4/8/2023","1680912000","4112610"
"4/9/2023","1680998400","3642548"
"4/10/2023","1681084800","20959009"
"4/11/2023","1681171200","5044821"
"4/12/2023","1681257600","4308428"
"4/13/2023","1681344000","5286107"
"4/14/2023","1681430400","6387231"
"4/15/2023","1681516800","4812828"
"4/16/2023","1681603200","3463724"
"4/17/2023","1681689600","3941645"
"4/18/2023","1681776000","4474413"
"4/19/2023","1681862400","5027105"
"4/20/2023","1681948800","6434885"
"4/21/2023","1682035200","5244643"
"4/22/2023","1682121600","3611116"
"4/23/2023","1682208000","3604045"
"4/24/2023","1682294400","7732691"
"4/25/2023","1682380800","4554886"
"4/26/2023","1682467200","5353393"
"4/27/2023","1682553600","4201581"
"4/28/2023","1682640000","4375905"
"4/29/2023","1682726400","4379186"
"4/30/2023","1682812800","4248731"
"5/1/2023","1682899200","5323306"
"5/2/2023","1682985600","6702060"
"5/3/2023","1683072000","12018815"
"5/4/2023","1683158400","5134289"
"5/5/2023","1683244800","1094932333"
"5/6/2023","1683331200","7913814"
"5/7/2023","1683417600","5764492"
"5/8/2023","1683504000","11395106"
"5/9/2023","1683590400","5238017"
"5/10/2023","1683676800","5305752"
"5/11/2023","1683763200","6403449"
"5/12/2023","1683849600","10781666"
"5/13/2023","1683936000","6675260"
"5/14/2023","1684022400","4448987"
"5/15/2023","1684108800","6585731"
"5/16/2023","1684195200","6453806"
"5/17/2023","1684281600","8768177"
"5/18/2023","1684368000","7343350"
"5/19/2023","1684454400","4294513"
"5/20/2023","1684540800","5977852"
"5/21/2023","1684627200","7846592"
"5/22/2023","1684713600","6578207"
"5/23/2023","1684800000","10236066"
"5/24/2023","1684886400","8040904"
"5/25/2023","1684972800","6099346"
"5/26/2023","1685059200","6633193"
"5/27/2023","1685145600","4642996"
"5/28/2023","1685232000","5800536"
"5/29/2023","1685318400","8530820"
"5/30/2023","1685404800","11561219"
"5/31/2023","1685491200","6189206"
"6/1/2023","1685577600","6961961"
"6/2/2023","1685664000","7149539"
"6/3/2023","1685750400","5216754"
"6/4/2023","1685836800","6052572"
"6/5/2023","1685923200","6626740"
"6/6/2023","1686009600","23246016"
"6/7/2023","1686096000","94339737"
"6/8/2023","1686182400","61232998"
"6/9/2023","1686268800","37523732"
"6/10/2023","1686355200","195365298"
"6/11/2023","1686441600","271280924"
"6/12/2023","1686528000","90306554"
"6/13/2023","1686614400","59632515"
"6/14/2023","1686700800","96881936"
"6/15/2023","1686787200","94336996"
"6/16/2023","1686873600","119957752"
"6/17/2023","1686960000","45078165"
"6/18/2023","1687046400","49647158"
"6/19/2023","1687132800","59210746"
"6/20/2023","1687219200","49759226"
"6/21/2023","1687305600","53841389"
"6/22/2023","1687392000","49131484"
"6/23/2023","1687478400","61615475"
"6/24/2023","1687564800","45957653"
"6/25/2023","1687651200","45465287"
"6/26/2023","1687737600","226887331"
"6/27/2023","1687824000","42931750"
"6/28/2023","1687910400","64135534"
"6/29/2023","1687996800","74471620"
"6/30/2023","1688083200","210383235"
"7/1/2023","1688169600","43256037"
"7/2/2023","1688256000","58433382"
"7/3/2023","1688342400","61327932"
"7/4/2023","1688428800","81010671"
"7/5/2023","1688515200","82000628"
"7/6/2023","1688601600","80573541"
"7/7/2023","1688688000","78485965"
"7/8/2023","1688774400","67029011"
"7/9/2023","1688860800","57924966"
"7/10/2023","1688947200","60397846"
"7/11/2023","1689033600","60962485"
"7/12/2023","1689120000","82402590"
"7/13/2023","1689206400","100811186"
"7/14/2023","1689292800","150341356"
"7/15/2023","1689379200","85498981"
"7/16/2023","1689465600","85302275"
"7/17/2023","1689552000","99499955"
"7/18/2023","1689638400","76986743"
"7/19/2023","1689724800","71541842"
"7/20/2023","1689811200","59070547"
"7/21/2023","1689897600","56789032"
"7/22/2023","1689984000","60627523"
"7/23/2023","1690070400","64639148"
"7/24/2023","1690156800","155275849"
"7/25/2023","1690243200","100661175"
"7/26/2023","1690329600","128716772"
"7/27/2023","1690416000","212750189"
"7/28/2023","1690502400","95808481"
"7/29/2023","1690588800","87648637"
"7/30/2023","1690675200","106126882"
"7/31/2023","1690761600","125913761"
"8/1/2023","1690848000","151465246"
"8/2/2023","1690934400","118013423"
"8/3/2023","1691020800","110099721"
"8/4/2023","1691107200","116683819"
"8/5/2023","1691193600","91813449"
"8/6/2023","1691280000","106149287"
"8/7/2023","1691366400","169193479"
"8/8/2023","1691452800","131389851"
"8/9/2023","1691539200","119502228"
"8/10/2023","1691625600","122099979"
"8/11/2023","1691712000","108822256"
"8/12/2023","1691798400","102470272"
"8/13/2023","1691884800","94144624"
"8/14/2023","1691971200","119830662"
"8/15/2023","1692057600","244322977"
"8/16/2023","1692144000","124099018"
"8/17/2023","1692230400","336776340"
"8/18/2023","1692316800","147820256"
"8/19/2023","1692403200","140042496"
"8/20/2023","1692489600","127495418"
"8/21/2023","1692576000","124381914"
"8/22/2023","1692662400","170348799"
"8/23/2023","1692748800","128481317"
"8/24/2023","1692835200","136086744"
"8/25/2023","1692921600","149533743"
"8/26/2023","1693008000","100291425"
"8/27/2023","1693094400","139651226"
"8/28/2023","1693180800","185736382"
"8/29/2023","1693267200","247703389"
"8/30/2023","1693353600","112692396"
"8/31/2023","1693440000","163479341"
"9/1/2023","1693526400","144012188"
"9/2/2023","1693612800","126478926"
"9/3/2023","1693699200","101759868"
"9/4/2023","1693785600","116701080"
"9/5/2023","1693872000","123783565"
"9/6/2023","1693958400","115251151"
"9/7/2023","1694044800","119958440"
"9/8/2023","1694131200","110430018"
"9/9/2023","1694217600","110768236"
"9/10/2023","1694304000","136814315"
"9/11/2023","1694390400","215902878"
"9/12/2023","1694476800","115227423"
"9/13/2023","1694563200","132716649"
"9/14/2023","1694649600","114362285"
"9/15/2023","1694736000","108778830"
"9/16/2023","1694822400","429082993"
"9/17/2023","1694908800","309804116"
"9/18/2023","1694995200","287357757"
"9/19/2023","1695081600","206189633"
"9/20/2023","1695168000","176712865"
"9/21/2023","1695254400","179972438"
"9/22/2023","1695340800","177697524"
"9/23/2023","1695427200","174702809"
"9/24/2023","1695513600","180393589"
"9/25/2023","1695600000","232537975"
"9/26/2023","1695686400","229796082"
"9/27/2023","1695772800","172259324"
"9/28/2023","1695859200","178578458"
"9/29/2023","1695945600","210734227"
"9/30/2023","1696032000","141259090"
"10/1/2023","1696118400","190434666"
"10/2/2023","1696204800","188756314"
"10/3/2023","1696291200","121010519"
"10/4/2023","1696377600","165441166"
"10/5/2023","1696464000","139085143"
"10/6/2023","1696550400","141007915"
"10/7/2023","1696636800","127726007"
"10/8/2023","1696723200","142779291"
"10/9/2023","1696809600","207479978"
"10/10/2023","1696896000","177682450"
"10/11/2023","1696982400","140923161"
"10/12/2023","1697068800","141550647"
"10/13/2023","1697155200","149215664"
"10/14/2023","1697241600","116939792"
"10/15/2023","1697328000","112455580"
"10/16/2023","1697414400","296038738"
"10/17/2023","1697500800","140628659"
"10/18/2023","1697587200","115857047"
"10/19/2023","1697673600","119449102"
"10/20/2023","1697760000","134992407"
"10/21/2023","1697846400","151438059"
"10/22/2023","1697932800","132706087"
"10/23/2023","1698019200","332081738"
"10/24/2023","1698105600","217742698"
"10/25/2023","1698192000","166578281"
"10/26/2023","1698278400","163555468"
"10/27/2023","1698364800","146931123"
"10/28/2023","1698451200","118802858"
"10/29/2023","1698537600","121726740"
"10/30/2023","1698624000","154737508"
"10/31/2023","1698710400","208732241"
"11/1/2023","1698796800","163272804"
"11/2/2023","1698883200","152087964"
"11/3/2023","1698969600","151887628"
"11/4/2023","1699056000","148211898"
"11/5/2023","1699142400","138033908"
"11/6/2023","1699228800","219025732"
"11/7/2023","1699315200","162007068"
"11/8/2023","1699401600","146202134"
"11/9/2023","1699488000","328814952"
"11/10/2023","1699574400","185587322"
"11/11/2023","1699660800","139115537"
"11/12/2023","1699747200","141288948"
"11/13/2023","1699833600","166273134"
"11/14/2023","1699920000","172143446"
"11/15/2023","1700006400","161905219"
"11/16/2023","1700092800","164531547"
"11/17/2023","1700179200","171478448"
"11/18/2023","1700265600","125035895"
"11/19/2023","1700352000","142007368"
"11/20/2023","1700438400","217715900"
"11/21/2023","1700524800","185140728"
"11/22/2023","1700611200","189474082"
"11/23/2023","1700697600","126483336"
"11/24/2023","1700784000","137760354"
"11/25/2023","1700870400","106815076"
"11/26/2023","1700956800","137977048"
"11/27/2023","1701043200","137727636"
"11/28/2023","1701129600","143681879"
"11/29/2023","1701216000","130830912"
"11/30/2023","1701302400","170050444"
"12/1/2023","1701388800","161779738"
"12/2/2023","1701475200","160985899"
"12/3/2023","1701561600","153588605"
"12/4/2023","1701648000","272926579"
"12/5/2023","1701734400","213344847"
"12/6/2023","1701820800","191069585"
"12/7/2023","1701907200","226220670"
"12/8/2023","1701993600","149647683"
"12/9/2023","1702080000","172902904"
"12/10/2023","1702166400","151952078"
"12/11/2023","1702252800","296461215"
"12/12/2023","1702339200","179941156"
"12/13/2023","1702425600","174445513"
"12/14/2023","1702512000","201190672"
"12/15/2023","1702598400","233982019"
"12/16/2023","1702684800","249930785"
"12/17/2023","1702771200","204328024"
"12/18/2023","1702857600","286495574"
"12/19/2023","1702944000","212077143"
"12/20/2023","1703030400","232219290"
"12/21/2023","1703116800","239408500"
"12/22/2023","1703203200","213450220"
"12/23/2023","1703289600","161533465"
"12/24/2023","1703376000","170519341"
"12/25/2023","1703462400","139959617"
"12/26/2023","1703548800","174344987"
"12/27/2023","1703635200","199736739"
"12/28/2023","1703721600","150022833"
"12/29/2023","1703808000","159357363"
"12/30/2023","1703894400","118025850"
"12/31/2023","1703980800","119419029"
"1/1/2024","1704067200","203443885"
"1/2/2024","1704153600","251475890"
"1/3/2024","1704240000","491419680"
"1/4/2024","1704326400","140740629"
"1/5/2024","1704412800","173266504"
"1/6/2024","1704499200","137532603"
"1/7/2024","1704585600","136840628"
"1/8/2024","1704672000","181542537"
"1/9/2024","1704758400","247386804"
"1/10/2024","1704844800","196860445"
"1/11/2024","1704931200","161405828"
"1/12/2024","1705017600","160673904"
"1/13/2024","1705104000","97315160"
"1/14/2024","1705190400","102053281"
"1/15/2024","1705276800","177803272"
"1/16/2024","1705363200","205525929"
"1/17/2024","1705449600","125197923"
"1/18/2024","1705536000","122994536"
"1/19/2024","1705622400","155194151"
"1/20/2024","1705708800","69836634"
"1/21/2024","1705795200","84195254"
"1/22/2024","1705881600","100612748"
"1/23/2024","1705968000","103682434"
"1/24/2024","1706054400","75529402"
"1/25/2024","1706140800","106633922"
"1/26/2024","1706227200","93265442"
"1/27/2024","1706313600","90288721"
"1/28/2024","1706400000","83149766"
"1/29/2024","1706486400","118865598"
"1/30/2024","1706572800","186504733"
"1/31/2024","1706659200","256547514"
"2/1/2024","1706745600","137687819"
"2/2/2024","1706832000","132458914"
"2/3/2024","1706918400","106501529"
"2/4/2024","1707004800","105485915"
"2/5/2024","1707091200","103163658"
"2/6/2024","1707177600","117117739"
"2/7/2024","1707264000","99559639"
"2/8/2024","1707350400","105383708"
"2/9/2024","1707436800","121056872"
"2/10/2024","1707523200","94966516"
"2/11/2024","1707609600","91633009"
"2/12/2024","1707696000","180399407"
"2/13/2024","1707782400","210959781"
"2/14/2024","1707868800","226946022"
"2/15/2024","1707955200","157782330"
"2/16/2024","1708041600","115746078"
"2/17/2024","1708128000","91019277"
"2/18/2024","1708214400","105211682"
"2/19/2024","1708300800","118708144"
"2/20/2024","1708387200","153241149"
"2/21/2024","1708473600","134500216"
"2/22/2024","1708560000","128131441"
"2/23/2024","1708646400","125746841"
"2/24/2024","1708732800","108504300"
"2/25/2024","1708819200","129045081"
"2/26/2024","1708905600","140814387"
"2/27/2024","1708992000","196587879"
"2/28/2024","1709078400","294591213"
"2/29/2024","1709164800","266400380"
"3/1/2024","1709251200","239947343"
"3/2/2024","1709337600","220265768"
"3/3/2024","1709424000","187935532"
"3/4/2024","1709510400","179675608"
"3/5/2024","1709596800","299173378"
"3/6/2024","1709683200","227376219"
"3/7/2024","1709769600","181143607"
"3/8/2024","1709856000","180131957"
"3/9/2024","1709942400","141436714"
"3/10/2024","1710028800","156007445"
"3/11/2024","1710115200","198530013"
"3/12/2024","1710201600","194013855"
"3/13/2024","1710288000","179246174"
"3/14/2024","1710374400","184566096"
"3/15/2024","1710460800","131403638"
"3/16/2024","1710547200","158587856"
"3/17/2024","1710633600","119606003"
"3/18/2024","1710720000","135608830"
"3/19/2024","1710806400","156507340"
"3/20/2024","1710892800","172711535"
"3/21/2024","1710979200","154583188"
"3/22/2024","1711065600","125535536"
"3/23/2024","1711152000","109684757"
"3/24/2024","1711238400","141209514"
"3/25/2024","1711324800","185539963"
"3/26/2024","1711411200","202520927"
"3/27/2024","1711497600","144353772"
"3/28/2024","1711584000","159153923"
"3/29/2024","1711670400","147659923"
"3/30/2024","1711756800","127516933"
"3/31/2024","1711843200","150927634"
"4/1/2024","1711929600","176041860"
"4/2/2024","1712016000","200780423"
"4/3/2024","1712102400","167202486"
"4/4/2024","1712188800","149534152"
"4/5/2024","1712275200","121838109"
"4/6/2024","1712361600","116664560"
"4/7/2024","1712448000","104540479"
"4/8/2024","1712534400","168492945"
"4/9/2024","1712620800","172417416"
"4/10/2024","1712707200","171229506"
"4/11/2024","1712793600","177779028"
"4/12/2024","1712880000","318245749"
"4/13/2024","1712966400","344844547"
"4/14/2024","1713052800","209210679"
"4/15/2024","1713139200","179688469"
"4/16/2024","1713225600","156664845"
"4/17/2024","1713312000","172457749"
"4/18/2024","1713398400","153590288"
"4/19/2024","1713484800","145373616"
"4/20/2024","1713571200","88423846"
"4/21/2024","1713657600","100592098"
"4/22/2024","1713744000","131227837"
"4/23/2024","1713830400","136839908"
"4/24/2024","1713916800","162030540"
"4/25/2024","1714003200","178124657"
"4/26/2024","1714089600","152207488"
"4/27/2024","1714176000","153101488"
"4/28/2024","1714262400","151995364"
"4/29/2024","1714348800","149302849"
"4/30/2024","1714435200","158651935"
"5/1/2024","1714521600","188811679"
"5/2/2024","1714608000","166480120"
"5/3/2024","1714694400","136650260"
"5/4/2024","1714780800","104006586"
"5/5/2024","1714867200","99679166"
"5/6/2024","1714953600","132897205"
"5/7/2024","1715040000","158785355"
"5/8/2024","1715126400","167175936"
"5/9/2024","1715212800","149298853"
"5/10/2024","1715299200","149933964"
"5/11/2024","1715385600","177115803"
"5/12/2024","1715472000","155080807"
"5/13/2024","1715558400","164697646"
"5/14/2024","1715644800","181721731"
"5/15/2024","1715731200","131084645"
"5/16/2024","1715817600","124849744"
"5/17/2024","1715904000","114346335"
"5/18/2024","1715990400","139638909"
"5/19/2024","1716076800","105548738"
"5/20/2024","1716163200","182615620"
"5/21/2024","1716249600","179371548"
"5/22/2024","1716336000","161148612"
"5/23/2024","1716422400","275874107"
"5/24/2024","1716508800","176218914"
"5/25/2024","1716595200","179311295"
"5/26/2024","1716681600","162436430"
"5/27/2024","1716768000","165884769"
"5/28/2024","1716854400","165650122"
"5/29/2024","1716940800","141288763"
"5/30/2024","1717027200","142425501"
"5/31/2024","1717113600","93939083"
"6/1/2024","1717200000","106178034"
"6/2/2024","1717286400","122413237"
"6/3/2024","1717372800","128077835"
"6/4/2024","1717459200","140163119"
"6/5/2024","1717545600","172789786"
"6/6/2024","1717632000","177369757"
"6/7/2024","1717718400","283173185"
"6/8/2024","1717804800","174254781"
"6/9/2024","1717891200","162206472"
"6/10/2024","1717977600","147002554"
"6/11/2024","1718064000","187987530"
"6/12/2024","1718150400","136587503"
"6/13/2024","1718236800","100657554"
"6/14/2024","1718323200","101463731"
"6/15/2024","1718409600","100445760"
"6/16/2024","1718496000","85010645"
"6/17/2024","1718582400","122816911"
"6/18/2024","1718668800","191849323"
"6/19/2024","1718755200","162628069"
"6/20/2024","1718841600","243984725"
"6/21/2024","1718928000","152068417"
"6/22/2024","1719014400","143825222"
"6/23/2024","1719100800","153549149"
"6/24/2024","1719187200","190358738"
"6/25/2024","1719273600","154736800"
"6/26/2024","1719360000","138456298"
"6/27/2024","1719446400","88899957"
"6/28/2024","1719532800","91312173"
"6/29/2024","1719619200","82343115"
"6/30/2024","1719705600","84241951"
"7/1/2024","1719792000","108989605"
"7/2/2024","1719878400","127262935"
"7/3/2024","1719964800","156495029"
"7/4/2024","1720051200","180897217"
"7/5/2024","1720137600","282970283"
"7/6/2024","1720224000","171086613"
"7/7/2024","1720310400","171803509"
"7/8/2024","1720396800","169596807"
"7/9/2024","1720483200","154552637"
"7/10/2024","1720569600","139093706"
"7/11/2024","1720656000","103464671"
"7/12/2024","1720742400","98593922"
"7/13/2024","1720828800","72055016"
"7/14/2024","1720915200","120851292"
"7/15/2024","1721001600","136781409"
"7/16/2024","1721088000","120705307"
"7/17/2024","1721174400","144496819"
"7/18/2024","1721260800","135710052"
"7/19/2024","1721347200","138212395"
"7/20/2024","1721433600","150209979"
"7/21/2024","1721520000","141070007"
"7/22/2024","1721606400","152020328"
"7/23/2024","1721692800","145352102"
"7/24/2024","1721779200","154424615"
"7/25/2024","1721865600","119621254"
"7/26/2024","1721952000","75791357"
"7/27/2024","1722038400","70381403"
"7/28/2024","1722124800","72605837"
"7/29/2024","1722211200","101697897"
"7/30/2024","1722297600","103270726"
"7/31/2024","1722384000","74687701"
"8/1/2024","1722470400","125656872"
"8/2/2024","1722556800","98318230"
"8/3/2024","1722643200","90599488"
"8/4/2024","1722729600","131561042"
"8/5/2024","1722816000","546841414"
"8/6/2024","1722902400","87663544"
"8/7/2024","1722988800","85181161"
"8/8/2024","1723075200","112288904"
"8/9/2024","1723161600","75243526"
"8/10/2024","1723248000","69176365"
"8/11/2024","1723334400","128971008"
"8/12/2024","1723420800","88090290"
"8/13/2024","1723507200","73732022"
"8/14/2024","1723593600","82060789"
"8/15/2024","1723680000","90972327"
"8/16/2024","1723766400","71605936"
"8/17/2024","1723852800","55292878"
"8/18/2024","1723939200","57693905"
"8/19/2024","1724025600","73064912"
"8/20/2024","1724112000","63105634"
"8/21/2024","1724198400","63355821"
"8/22/2024","1724284800","63653622"
"8/23/2024","1724371200","83780154"
"8/24/2024","1724457600","70118319"
"8/25/2024","1724544000","57159292"
"8/26/2024","1724630400","109847072"
"8/27/2024","1724716800","132918495"
"8/28/2024","1724803200","128795525"
"8/29/2024","1724889600","93560212"
"8/30/2024","1724976000","64880228"
"8/31/2024","1725062400","39571056"
"9/1/2024","1725148800","51483411"
"9/2/2024","1725235200","55310565"
"9/3/2024","1725321600","47548118"
"9/4/2024","1725408000","76081182"
"9/5/2024","1725494400","99282592"
"9/6/2024","1725580800","128199293"
"9/7/2024","1725667200","59389419"
"9/8/2024","1725753600","66651683"
"9/9/2024","1725840000","91732616"
"9/10/2024","1725926400","83471591"
"9/11/2024","1726012800","87076154"
"9/12/2024","1726099200","76643707"
"9/13/2024","1726185600","80581918"
"9/14/2024","1726272000","43390968"
"9/15/2024","1726358400","55982231"
"9/16/2024","1726444800","83042756"
"9/17/2024","1726531200","63797670"
"9/18/2024","1726617600","63495434"
"9/19/2024","1726704000","100494496"
"9/20/2024","1726790400","63834948"
"9/21/2024","1726876800","75466151"
"9/22/2024","1726963200","49809853"
"9/23/2024","1727049600","69256989"
"9/24/2024","1727136000","65555609"
"9/25/2024","1727222400","43520197"
"9/26/2024","1727308800","83427828"
"9/27/2024","1727395200","49289460"
"9/28/2024","1727481600","48684894"
"9/29/2024","1727568000","29146375"
"9/30/2024","1727654400","43220150"
"10/1/2024","1727740800","96668811"
"10/2/2024","1727827200","59696504"
"10/3/2024","1727913600","54926688"
"10/4/2024","1728000000","37120918"
"10/5/2024","1728086400","22368674"
"10/6/2024","1728172800","22414930"
"10/7/2024","1728259200","40350556"
"10/8/2024","1728345600","38389743"
"10/9/2024","1728432000","46033179"
"10/10/2024","1728518400","46552818"
"10/11/2024","1728604800","53848887"
"10/12/2024","1728691200","28249333"
"10/13/2024","1728777600","27267706"
"10/14/2024","1728864000","61199002"
"10/15/2024","1728950400","70681295"
"10/16/2024","1729036800","53598752"
"10/17/2024","1729123200","44746382"
"10/18/2024","1729209600","44507083"
"10/19/2024","1729296000","32622848"
"10/20/2024","1729382400","52140677"
"10/21/2024","1729468800","80422686"
"10/22/2024","1729555200","57065525"
"10/23/2024","1729641600","53460488"
"10/24/2024","1729728000","31262856"
"10/25/2024","1729814400","47324809"
"10/26/2024","1729900800","41022526"
"10/27/2024","1729987200","25938211"
"10/28/2024","1730073600","45678276"
"10/29/2024","1730160000","37784127"
"10/30/2024","1730246400","48781362"
"10/31/2024","1730332800","52613234"
"11/1/2024","1730419200","49458225"
"11/2/2024","1730505600","29214877"
"11/3/2024","1730592000","38092807"
"11/4/2024","1730678400","49273368"
"11/5/2024","1730764800","47023153"
"11/6/2024","1730851200","82368413"
"11/7/2024","1730937600","61035263"
"11/8/2024","1731024000","47485091"
"11/9/2024","1731110400","50392342"
"11/10/2024","1731196800","79951535"
"11/11/2024","1731283200","83429990"
"11/12/2024","1731369600","96885811"
"11/13/2024","1731456000","89350920"
"11/14/2024","1731542400","62608843"
"11/15/2024","1731628800","49268271"
"11/16/2024","1731715200","45523822"
"11/17/2024","1731801600","52792082"
"11/18/2024","1731888000","52781116"
"11/19/2024","1731974400","46789522"
"11/20/2024","1732060800","48054360"
"11/21/2024","1732147200","84189162"
"11/22/2024","1732233600","73306274"
"11/23/2024","1732320000","60545045"
"11/24/2024","1732406400","49656643"
"11/25/2024","1732492800","99833271"
"11/26/2024","1732579200","78343014"
"11/27/2024","1732665600","49616989"
"11/28/2024","1732752000","64503405"
"11/29/2024","1732838400","37197273"
"11/30/2024","1732924800","44690162"
"12/1/2024","1733011200","38375681"
"12/2/2024","1733097600","77211453"
"12/3/2024","1733184000","53659634"
"12/4/2024","1733270400","64449980"
"12/5/2024","1733356800","89915691"
"12/6/2024","1733443200","53993012"
"12/7/2024","1733529600","23793680"
"12/8/2024","1733616000","25557421"
"12/9/2024","1733702400","78376907"
"12/10/2024","1733788800","55837657"
"12/11/2024","1733875200","41274042"
"12/12/2024","1733961600","55795058"
"12/13/2024","1734048000","127675774"
"12/14/2024","1734134400","29449243"
"12/15/2024","1734220800","27166208"
"12/16/2024","1734307200","54714027"
"12/17/2024","1734393600","61582381"
"12/18/2024","1734480000","59339885"
"12/19/2024","1734566400","90045780"
"12/20/2024","1734652800","90183498"
"12/21/2024","1734739200","29967604"
"12/22/2024","1734825600","25125212"
"12/23/2024","1734912000","37459497"
"12/24/2024","1734998400","43209240"
"12/25/2024","1735084800","39944784"
"12/26/2024","1735171200","65005415"
"12/27/2024","1735257600","72675291"
"12/28/2024","1735344000","49780764"
"12/29/2024","1735430400","54341800"
"12/30/2024","1735516800","49022114"
"12/31/2024","1735603200","56253500"
"1/1/2025","1735689600","55819065"
"1/2/2025","1735776000","61205649"
"1/3/2025","1735862400","47539313"
"1/4/2025","1735948800","43186155"
"1/5/2025","1736035200","43104247"
"1/6/2025","1736121600","60644558"
"1/7/2025","1736208000","72154990"
"1/8/2025","1736294400","85345701"
"1/9/2025","1736380800","67693271"
"1/10/2025","1736467200","58926644"
"1/11/2025","1736553600","42113281"
"1/12/2025","1736640000","42206240"
"1/13/2025","1736726400","56429614"
"1/14/2025","1736812800","63087447"
"1/15/2025","1736899200","85307959"
"1/16/2025","1736985600","67244889"
"1/17/2025","1737072000","71578107"
"1/18/2025","1737158400","71980033"
"1/19/2025","1737244800","76740084"
"1/20/2025","1737331200","112761585"
"1/21/2025","1737417600","67937270"
"1/22/2025","1737504000","51830881"
"1/23/2025","1737590400","81161598"
"1/24/2025","1737676800","58074035"
"1/25/2025","1737763200","47812152"
"1/26/2025","1737849600","47926146"
"1/27/2025","1737936000","78073981"
"1/28/2025","1738022400","61348362"
"1/29/2025","1738108800","57312495"
"1/30/2025","1738195200","42703716"
"1/31/2025","1738281600","55718889"
"2/1/2025","1738368000","45381192"
"2/2/2025","1738454400","77048934"
"2/3/2025","1738540800","125353322"
"2/4/2025","1738627200","53581235"
"2/5/2025","1738713600","53630198"
"2/6/2025","1738800000","49381050"
"2/7/2025","1738886400","41145509"
"2/8/2025","1738972800","37808542"
"2/9/2025","1739059200","61017057"
"2/10/2025","1739145600","44868762"
"2/11/2025","1739232000","42709900"
"2/12/2025","1739318400","70571823"
"2/13/2025","1739404800","59277128"
"2/14/2025","1739491200","47535670"
"2/15/2025","1739577600","41660626"
"2/16/2025","1739664000","46950132"
"2/17/2025","1739750400","56796857"
"2/18/2025","1739836800","51152797"
"2/19/2025","1739923200","32600921"
"2/20/2025","1740009600","41876533"
"2/21/2025","1740096000","106657128"
"2/22/2025","1740182400","59893119"
"2/23/2025","1740268800","19991801"
"2/24/2025","1740355200","39810945"
"2/25/2025","1740441600","79914627"
"2/26/2025","1740528000","53730638"
"2/27/2025","1740614400","35766071"
"2/28/2025","1740700800","60616062"
"3/1/2025","1740787200","17535620"
"3/2/2025","1740873600","47225057"
"3/3/2025","1740960000","48138548"
"3/4/2025","1741046400","50684009"
"3/5/2025","1741132800","26540501"
"3/6/2025","1741219200","28629298"
"3/7/2025","1741305600","40766710"
"3/8/2025","1741392000","19458912"
"3/9/2025","1741478400","36217535"
"3/10/2025","1741564800","91067422"
"3/11/2025","1741651200","74906197"
"3/12/2025","1741737600","45360756"
"3/13/2025","1741824000","31888112"
"3/14/2025","1741910400","22293858"
"3/15/2025","1741996800","20130562"
"3/16/2025","1742083200","22012454"
"3/17/2025","1742169600","21999084"
"3/18/2025","1742256000","19046539"
"3/19/2025","1742342400","28650361"
"3/20/2025","1742428800","20942304"
"3/21/2025","1742515200","8185976"
"3/22/2025","1742601600","7343630"
"3/23/2025","1742688000","11026988"
"3/24/2025","1742774400","13604208"
"3/25/2025","1742860800","11839914"
"3/26/2025","1742947200","13540208"
"3/27/2025","1743033600","17364513"
"3/28/2025","1743120000","19811598"
"3/29/2025","1743206400","14183763"
"3/30/2025","1743292800","12421877"
"3/31/2025","1743379200","18778655"
"4/1/2025","1743465600","19395751"
"4/2/2025","1743552000","28943199"
"4/3/2025","1743638400","21936475"
"4/4/2025","1743724800","23694906"
"4/5/2025","1743811200","12930787"
"4/6/2025","1743897600","65865990"
"4/7/2025","1743984000","87765168"
"4/8/2025","1744070400","30939656"
"4/9/2025","1744156800","43226532"
"4/10/2025","1744243200","28274357"
"4/11/2025","1744329600","20926491"
"4/12/2025","1744416000","16248691"
"4/13/2025","1744502400","20074096"
"4/14/2025","1744588800","43198827"
"4/15/2025","1744675200","105191755"
"4/16/2025","1744761600","56489607"
"4/17/2025","1744848000","28310223"
"4/18/2025","1744934400","23402129"
"4/19/2025","1745020800","16678536"
"4/20/2025","1745107200","19137223"
"4/21/2025","1745193600","23387282"
"4/22/2025","1745280000","39873883"
"4/23/2025","1745366400","35820048"
"4/24/2025","1745452800","22780009"
"4/25/2025","1745539200","24271939"
"4/26/2025","1745625600","23368106"
"4/27/2025","1745712000","18774055"
"4/28/2025","1745798400","28156612"
"4/29/2025","1745884800","28748522"
"4/30/2025","1745971200","22481758"
"5/1/2025","1746057600","27307028"
"5/2/2025","1746144000","19048302"
"5/3/2025","1746230400","17793219"
"5/4/2025","1746316800","20505930"
"5/5/2025","1746403200","17968675"
"5/6/2025","1746489600","19134247"
"5/7/2025","1746576000","24241046"
"5/8/2025","1746662400","28238678"
"5/9/2025","1746748800","28564773"
"5/10/2025","1746835200","24606763"
"5/11/2025","1746921600","27131311"
"5/12/2025","1747008000","27897517"
"5/13/2025","1747094400","27726477"
"5/14/2025","1747180800","22413478"
"5/15/2025","1747267200","66146929"
"5/16/2025","1747353600","19941566"
"5/17/2025","1747440000","17363539"
"5/18/2025","1747526400","21598477"
"5/19/2025","1747612800","23457664"
"5/20/2025","1747699200","16978098"
"5/21/2025","1747785600","25618478"
"5/22/2025","1747872000","24272562"
"5/23/2025","1747958400","24886405"
"5/24/2025","1748044800","13417601"
"5/25/2025","1748131200","14168759"
"5/26/2025","1748217600","15330676"
"5/27/2025","1748304000","17844538"
"5/28/2025","1748390400","22795922"
"5/29/2025","1748476800","21986427"
"5/30/2025","1748563200","20523157"
"5/31/2025","1748649600","27740511"
"6/1/2025","1748736000","16178210"
"6/2/2025","1748822400","19581995"
"6/3/2025","1748908800","17225725"
"6/4/2025","1748995200","18708614"
"6/5/2025","1749081600","54179517"
"6/6/2025","1749168000","17509632"
"6/7/2025","1749254400","9481749"
"6/8/2025","1749340800","10599689"
"6/9/2025","1749427200","13026422"
"6/10/2025","1749513600","20838704"
"6/11/2025","1749600000","16173820"
"6/12/2025","1749686400","14784910"
"6/13/2025","1749772800","24013744"
"6/14/2025","1749859200","10693294"
"6/15/2025","1749945600","9755364"
"6/16/2025","1750032000","11042648"
"6/17/2025","1750118400","14228224"
"6/18/2025","1750204800","11059324"
"6/19/2025","1750291200","9757075"
"6/20/2025","1750377600","13115590"
"6/21/2025","1750464000","21231860"
"6/22/2025","1750550400","18568218"
"6/23/2025","1750636800","15878476"
"6/24/2025","1750723200","14008370"
"6/25/2025","1750809600","12147975"
"6/26/2025","1750896000","12984202"
"6/27/2025","1750982400","9130678"
"6/28/2025","1751068800","7116738"
"6/29/2025","1751155200","8718134"
"6/30/2025","1751241600","10809934"
"7/1/2025","1751328000","10100206"
"7/2/2025","1751414400","11681172"
"7/3/2025","1751500800","13305654"
"7/4/2025","1751587200","15312123"
"7/5/2025","1751673600","7134259"
"7/6/2025","1751760000","8466533"
"7/7/2025","1751846400","38750318"
"7/8/2025","1751932800","10911681"
"7/9/2025","1752019200","13075273"
"7/10/2025","1752105600","19002390"
"7/11/2025","1752192000","18478665"
"7/12/2025","1752278400","11042103"
"7/13/2025","1752364800","9770537"
"7/14/2025","1752451200","24332832"
"7/15/2025","1752537600","16490501"
"7/16/2025","1752624000","20918983"
"7/17/2025","1752710400","21702661"
"7/18/2025","1752796800","22515329"
"7/19/2025","1752883200","14459060"
"7/20/2025","1752969600","19978674"
"7/21/2025","1753056000","11328294"
"7/22/2025","1753142400","13472284"
"7/23/2025","1753228800","12322828"
"7/24/2025","1753315200","14681758"
"7/25/2025","1753401600","17008669"
"7/26/2025","1753488000","8269631"
"7/27/2025","1753574400","7850960"
"7/28/2025","1753660800","13324308"
"7/29/2025","1753747200","9307572"
"7/30/2025","1753833600","15457435"
"7/31/2025","1753920000","13175075"
"8/1/2025","1754006400","21007510"
"8/2/2025","1754092800","16353129"
"8/3/2025","1754179200","10373468"
"8/4/2025","1754265600","15579640"
"8/5/2025","1754352000","14529389"
"8/6/2025","1754438400","12766699"
"8/7/2025","1754524800","15656107"
"8/8/2025","1754611200","23122356"
"8/9/2025","1754697600","35782078"
"8/10/2025","1754784000","35449780"
"8/11/2025","1754870400","21763295"
